JvmtiExport can_access_local_variables 0
JvmtiExport can_hotswap_or_post_breakpoint 0
JvmtiExport can_post_on_exceptions 0
# 337 ciObject found
instanceKlass org/slf4j/helpers/Util
instanceKlass org/slf4j/helpers/NOPLoggerFactory
instanceKlass java/util/concurrent/LinkedBlockingQueue$Node
instanceKlass org/slf4j/Logger
instanceKlass org/slf4j/helpers/SubstituteLoggerFactory
instanceKlass org/slf4j/ILoggerFactory
instanceKlass org/slf4j/event/LoggingEvent
instanceKlass org/slf4j/LoggerFactory
instanceKlass com/cbkj/infrastructure/executor/SqlExecutor
instanceKlass org/h2/message/Trace
instanceKlass java/util/concurrent/atomic/AtomicReferenceArray
instanceKlass org/h2/util/MathUtils
instanceKlass org/h2/engine/SysProperties
instanceKlass java/time/temporal/TemporalField
instanceKlass java/time/temporal/TemporalAccessor
instanceKlass org/h2/message/TraceSystem
instanceKlass org/h2/message/TraceWriter
instanceKlass org/h2/jdbcx/JdbcDataSourceFactory
instanceKlass javax/naming/spi/ObjectFactory
instanceKlass org/h2/util/IOUtils
instanceKlass java/util/zip/ZipUtils
instanceKlass java/net/URLClassLoader$2
instanceKlass org/h2/util/Utils
instanceKlass java/sql/DriverInfo
instanceKlass org/h2/Driver
instanceKlass org/h2/JdbcDriverBackwardsCompat
instanceKlass java/sql/Driver
instanceKlass java/sql/DriverManager$2
instanceKlass java/sql/DriverManager$1
instanceKlass java/sql/DriverManager
instanceKlass org/h2/jdbc/JdbcException
instanceKlass java/util/concurrent/atomic/AtomicIntegerArray
instanceKlass javax/sql/XAConnection
instanceKlass javax/sql/PooledConnection
instanceKlass javax/naming/RefAddr
instanceKlass java/sql/Connection
instanceKlass org/h2/message/TraceObject
instanceKlass org/h2/jdbcx/JdbcDataSourceBackwardsCompat
instanceKlass javax/naming/Referenceable
instanceKlass javax/sql/ConnectionPoolDataSource
instanceKlass javax/sql/XADataSource
instanceKlass org/junit/rules/MethodRule
instanceKlass org/junit/runners/BlockJUnit4ClassRunner$RuleCollector
instanceKlass org/junit/internal/runners/model/ReflectiveCallable
instanceKlass org/apache/maven/surefire/api/util/internal/TestClassMethodNameUtils
instanceKlass org/junit/runners/ParentRunner$4
instanceKlass org/junit/runners/RuleContainer$1
instanceKlass org/junit/runners/RuleContainer
instanceKlass org/junit/rules/TestRule
instanceKlass org/junit/runners/ParentRunner$ClassRuleCollector
instanceKlass org/junit/internal/runners/model/EachTestNotifier
instanceKlass org/apache/maven/surefire/common/junit4/JUnit4ProviderUtil
instanceKlass org/junit/runner/OrderWith
instanceKlass java/util/Formattable
instanceKlass java/util/Formatter$FixedString
instanceKlass java/util/Formatter$Conversion
instanceKlass java/util/Formatter$Flags
instanceKlass java/util/Formatter$FormatSpecifier
instanceKlass java/util/Formatter$FormatString
instanceKlass java/util/Formatter
instanceKlass org/junit/After
instanceKlass org/junit/Assert
instanceKlass org/junit/validator/ValidateWith
instanceKlass org/junit/internal/runners/rules/RuleMemberValidator$MethodMustBeARule
instanceKlass org/junit/internal/runners/rules/RuleMemberValidator$MethodMustBeATestRule
instanceKlass org/junit/internal/runners/rules/RuleMemberValidator$FieldMustBeARule
instanceKlass org/junit/internal/runners/rules/RuleMemberValidator$MemberMustBeNonStaticOrAlsoClassRule
instanceKlass org/junit/Rule
instanceKlass org/junit/internal/runners/rules/RuleMemberValidator$FieldMustBeATestRule
instanceKlass org/junit/internal/runners/rules/RuleMemberValidator$MemberMustBePublic
instanceKlass org/junit/internal/runners/rules/RuleMemberValidator$MemberMustBeStatic
instanceKlass org/junit/internal/runners/rules/RuleMemberValidator$DeclaringClassMustBePublic
instanceKlass org/junit/ClassRule
instanceKlass org/junit/internal/runners/rules/RuleMemberValidator$Builder
instanceKlass org/junit/internal/runners/rules/RuleMemberValidator$RuleValidator
instanceKlass org/junit/internal/runners/rules/RuleMemberValidator
instanceKlass org/junit/AfterClass
instanceKlass org/junit/internal/Checks
instanceKlass org/junit/runners/ParentRunner$1
instanceKlass java/util/Collections$UnmodifiableMap
instanceKlass org/junit/BeforeClass
instanceKlass org/junit/Before
instanceKlass java/util/TimSort
instanceKlass org/junit/FixMethodOrder
instanceKlass org/junit/internal/MethodSorter$2
instanceKlass org/junit/internal/MethodSorter$1
instanceKlass org/junit/internal/MethodSorter
instanceKlass org/junit/runners/model/TestClass$MethodComparator
instanceKlass org/junit/runners/model/TestClass$FieldComparator
instanceKlass org/junit/runners/model/FrameworkMember
instanceKlass org/junit/runners/model/TestClass
instanceKlass org/junit/runners/model/Annotatable
instanceKlass org/junit/validator/PublicClassValidator
instanceKlass org/junit/validator/AnnotationValidatorFactory
instanceKlass org/junit/validator/AnnotationsValidator$AnnotatableValidator
instanceKlass org/junit/validator/AnnotationsValidator
instanceKlass org/junit/validator/TestClassValidator
instanceKlass org/junit/runners/model/RunnerScheduler
instanceKlass org/hamcrest/SelfDescribing
instanceKlass org/junit/runners/model/MemberValueConsumer
instanceKlass org/junit/runners/model/Statement
instanceKlass junit/framework/Assert
instanceKlass org/junit/runner/manipulation/Orderable
instanceKlass org/junit/runner/manipulation/Sortable
instanceKlass org/junit/runner/manipulation/Filterable
instanceKlass org/junit/runners/model/RunnerBuilder
instanceKlass org/junit/runner/Runner
instanceKlass org/junit/runner/Describable
instanceKlass org/junit/runner/Request
instanceKlass java/lang/StrictMath
instanceKlass org/apache/maven/surefire/booter/spi/EventChannelEncoder$StackTrace
instanceKlass org/apache/maven/surefire/api/util/internal/ImmutableMap$Node
instanceKlass org/apache/maven/surefire/api/util/internal/ObjectUtils
instanceKlass org/apache/maven/surefire/api/report/SimpleReportEntry
instanceKlass java/lang/invoke/LambdaForm$MH
instanceKlass org/apache/maven/surefire/report/ClassMethodIndexer$$Lambda$1
instanceKlass java/lang/invoke/InfoFromMemberName
instanceKlass java/lang/invoke/MethodHandleInfo
instanceKlass sun/security/util/SecurityConstants
instanceKlass java/security/AccessController$1
instanceKlass java/lang/invoke/AbstractValidatingLambdaMetafactory
instanceKlass java/lang/invoke/LambdaForm$BMH
instanceKlass java/lang/invoke/LambdaForm$BMH
instanceKlass java/lang/invoke/LambdaForm$BMH
instanceKlass java/lang/invoke/LambdaForm$BMH
instanceKlass jdk/internal/org/objectweb/asm/FieldVisitor
instanceKlass java/lang/invoke/BoundMethodHandle$Factory$1
instanceKlass java/lang/invoke/BoundMethodHandle$SpeciesData$1
instanceKlass java/lang/invoke/LambdaForm$BMH
instanceKlass java/lang/invoke/LambdaForm$MH
instanceKlass java/lang/invoke/LambdaForm$BMH
instanceKlass java/lang/invoke/LambdaForm$MH
instanceKlass java/lang/invoke/LambdaForm$DMH
instanceKlass java/lang/invoke/LambdaForm$DMH
instanceKlass java/lang/invoke/LambdaForm$BMH
instanceKlass java/lang/invoke/LambdaForm$BMH
instanceKlass java/lang/invoke/LambdaForm$MH
instanceKlass java/lang/invoke/LambdaFormBuffer
instanceKlass java/lang/invoke/LambdaFormEditor
instanceKlass java/lang/invoke/LambdaForm$BMH
instanceKlass java/lang/invoke/LambdaForm$DMH
instanceKlass java/lang/invoke/LambdaForm$DMH
instanceKlass java/lang/invoke/LambdaForm$DMH
instanceKlass java/lang/invoke/LambdaForm$DMH
instanceKlass java/lang/invoke/LambdaForm$MH
instanceKlass java/lang/invoke/LambdaForm$DMH
instanceKlass java/lang/invoke/LambdaForm$DMH
instanceKlass java/lang/invoke/LambdaForm$MH
instanceKlass java/lang/invoke/LambdaForm$DMH
instanceKlass java/lang/invoke/LambdaForm$DMH
instanceKlass java/lang/invoke/LambdaForm$MH
instanceKlass java/lang/invoke/LambdaForm$DMH
instanceKlass java/lang/invoke/LambdaForm$DMH
instanceKlass java/lang/invoke/LambdaForm$MH
instanceKlass java/lang/invoke/LambdaForm$DMH
instanceKlass java/lang/invoke/LambdaForm$DMH
instanceKlass java/lang/invoke/LambdaForm$MH
instanceKlass java/lang/invoke/LambdaForm$DMH
instanceKlass java/lang/invoke/LambdaForm$MH
instanceKlass java/lang/invoke/LambdaForm$DMH
instanceKlass java/lang/invoke/LambdaForm$DMH
instanceKlass java/lang/invoke/LambdaForm$MH
instanceKlass java/lang/invoke/LambdaForm$DMH
instanceKlass java/lang/invoke/LambdaForm$DMH
instanceKlass java/lang/invoke/LambdaForm$MH
instanceKlass java/lang/invoke/LambdaForm$MH
instanceKlass java/lang/invoke/LambdaForm$DMH
instanceKlass java/lang/invoke/LambdaForm$MH
instanceKlass java/lang/invoke/LambdaForm$DMH
instanceKlass java/lang/invoke/LambdaForm$DMH
instanceKlass java/lang/invoke/MethodHandleImpl$Lazy
instanceKlass java/lang/invoke/LambdaForm$BMH
instanceKlass java/lang/invoke/LambdaForm$MH
instanceKlass java/lang/invoke/LambdaForm$DMH
instanceKlass java/lang/invoke/LambdaForm$DMH
instanceKlass java/lang/invoke/LambdaForm$DMH
instanceKlass java/lang/invoke/LambdaForm$DMH
instanceKlass java/lang/invoke/LambdaForm$DMH
instanceKlass java/util/SubList$1
instanceKlass java/lang/invoke/LambdaForm$MH
instanceKlass java/lang/invoke/LambdaForm$MH
instanceKlass java/lang/invoke/LambdaForm$MH
instanceKlass java/lang/invoke/LambdaForm$MH
instanceKlass java/lang/invoke/LambdaForm$MH
instanceKlass java/lang/invoke/LambdaForm$MH
instanceKlass java/lang/invoke/LambdaForm$MH
instanceKlass java/lang/invoke/LambdaForm$MH
instanceKlass java/lang/invoke/LambdaForm$MH
instanceKlass java/lang/invoke/LambdaForm$MH
instanceKlass java/lang/invoke/LambdaForm$MH
instanceKlass java/lang/invoke/LambdaForm$MH
instanceKlass java/lang/invoke/InvokerBytecodeGenerator$CpPatch
instanceKlass java/lang/invoke/LambdaForm$DMH
instanceKlass java/lang/invoke/LambdaForm$DMH
instanceKlass java/lang/invoke/LambdaForm$DMH
instanceKlass java/lang/invoke/LambdaForm$DMH
instanceKlass java/lang/invoke/LambdaForm$DMH
instanceKlass java/lang/invoke/LambdaForm$DMH
instanceKlass sun/invoke/empty/Empty
instanceKlass sun/invoke/util/VerifyType
instanceKlass java/lang/invoke/InvokerBytecodeGenerator$2
instanceKlass jdk/internal/org/objectweb/asm/AnnotationVisitor
instanceKlass jdk/internal/org/objectweb/asm/Frame
instanceKlass jdk/internal/org/objectweb/asm/Label
instanceKlass jdk/internal/org/objectweb/asm/Type
instanceKlass jdk/internal/org/objectweb/asm/MethodVisitor
instanceKlass jdk/internal/org/objectweb/asm/Item
instanceKlass jdk/internal/org/objectweb/asm/ByteVector
instanceKlass jdk/internal/org/objectweb/asm/ClassVisitor
instanceKlass java/lang/invoke/InvokerBytecodeGenerator
instanceKlass java/lang/invoke/DirectMethodHandle$Lazy
instanceKlass sun/invoke/util/BytecodeDescriptor
instanceKlass java/lang/invoke/BoundMethodHandle$Factory
instanceKlass java/lang/invoke/BoundMethodHandle$SpeciesData
instanceKlass java/lang/invoke/LambdaForm$NamedFunction
instanceKlass java/lang/invoke/LambdaForm$Name
instanceKlass sun/invoke/util/ValueConversions
instanceKlass sun/invoke/util/VerifyAccess
instanceKlass java/lang/Character$CharacterCache
instanceKlass sun/invoke/util/Wrapper$Format
instanceKlass java/lang/invoke/MethodHandles
instanceKlass java/lang/invoke/Invokers
instanceKlass java/lang/invoke/MethodTypeForm
instanceKlass java/lang/invoke/MethodType$ConcurrentWeakInternSet
instanceKlass java/lang/invoke/MethodHandles$Lookup
instanceKlass java/lang/invoke/LambdaMetafactory
instanceKlass org/apache/maven/surefire/api/util/internal/ClassMethod
instanceKlass org/apache/maven/surefire/junit4/JUnit4Provider$1
instanceKlass java/util/concurrent/CopyOnWriteArrayList$COWIterator
instanceKlass org/junit/runner/notification/RunNotifier$SafeNotifier
instanceKlass org/junit/runner/Description
instanceKlass org/junit/Ignore
instanceKlass org/apache/maven/surefire/common/junit4/JUnit4Reflector
instanceKlass java/lang/annotation/Documented
instanceKlass org/apache/maven/surefire/common/junit4/JUnit4RunListenerFactory
instanceKlass java/io/ObjectStreamClass$FieldReflector
instanceKlass java/io/ObjectInput
instanceKlass java/io/ObjectStreamConstants
instanceKlass java/io/ObjectOutput
instanceKlass sun/reflect/ClassDefiner$1
instanceKlass sun/reflect/ClassDefiner
instanceKlass sun/reflect/MethodAccessorGenerator$1
instanceKlass sun/reflect/Label$PatchInfo
instanceKlass sun/reflect/Label
instanceKlass sun/reflect/UTF8
instanceKlass sun/reflect/ClassFileAssembler
instanceKlass sun/reflect/ByteVectorImpl
instanceKlass sun/reflect/ByteVector
instanceKlass sun/reflect/ByteVectorFactory
instanceKlass sun/reflect/AccessorGenerator
instanceKlass sun/reflect/ClassFileConstants
instanceKlass java/util/ComparableTimSort
instanceKlass java/util/Arrays$LegacyMergeSort
instanceKlass java/io/ObjectStreamClass$3
instanceKlass java/io/Externalizable
instanceKlass java/io/ObjectStreamClass$EntryFuture
instanceKlass java/io/ObjectStreamClass$Caches
instanceKlass java/io/ObjectStreamClass$1
instanceKlass java/io/ObjectStreamClass
instanceKlass org/junit/runner/Result$SerializedForm
instanceKlass org/junit/runner/Result
instanceKlass org/junit/runner/notification/RunListener$ThreadSafe
instanceKlass org/apache/maven/surefire/api/util/CloseableIterator
instanceKlass org/apache/maven/surefire/api/util/TestsToRun
instanceKlass com/cbkj/infrastructure/util/ChecksumCalculatorTest
instanceKlass com/cbkj/infrastructure/scanner/MigrationFileParserTest
instanceKlass com/cbkj/infrastructure/scanner/FileSystemScannerTest
instanceKlass com/cbkj/infrastructure/model/MigrationVersionTest
instanceKlass com/cbkj/infrastructure/integration/H2IntegrationTest
instanceKlass com/cbkj/infrastructure/integration/H2IntegrationComprehensiveTest
instanceKlass java/lang/annotation/Target
instanceKlass java/lang/reflect/WeakCache$Value
instanceKlass sun/misc/ProxyGenerator$ExceptionTableEntry
instanceKlass sun/misc/ProxyGenerator$PrimitiveTypeInfo
instanceKlass sun/misc/ProxyGenerator$FieldInfo
instanceKlass java/io/DataOutput
instanceKlass sun/misc/ProxyGenerator$ConstantPool$Entry
instanceKlass sun/misc/ProxyGenerator$MethodInfo
instanceKlass sun/misc/ProxyGenerator$ProxyMethod
instanceKlass sun/misc/ProxyGenerator$ConstantPool
instanceKlass sun/misc/ProxyGenerator
instanceKlass java/lang/reflect/WeakCache$Factory
instanceKlass java/util/function/Supplier
instanceKlass java/lang/reflect/Proxy$ProxyClassFactory
instanceKlass java/lang/reflect/Proxy$KeyFactory
instanceKlass java/util/function/BiFunction
instanceKlass java/lang/reflect/WeakCache
instanceKlass java/lang/reflect/Proxy
instanceKlass sun/reflect/annotation/AnnotationInvocationHandler
instanceKlass java/lang/reflect/InvocationHandler
instanceKlass sun/reflect/annotation/AnnotationParser$1
instanceKlass java/lang/annotation/Inherited
instanceKlass java/lang/annotation/Retention
instanceKlass sun/reflect/annotation/ExceptionProxy
instanceKlass sun/reflect/annotation/AnnotationType$1
instanceKlass java/lang/reflect/GenericArrayType
instanceKlass org/junit/Test
instanceKlass sun/reflect/generics/visitor/Reifier
instanceKlass sun/reflect/generics/visitor/TypeTreeVisitor
instanceKlass sun/reflect/generics/factory/CoreReflectionFactory
instanceKlass sun/reflect/generics/factory/GenericsFactory
instanceKlass sun/reflect/generics/scope/AbstractScope
instanceKlass sun/reflect/generics/scope/Scope
instanceKlass sun/reflect/generics/tree/ClassTypeSignature
instanceKlass sun/reflect/generics/tree/SimpleClassTypeSignature
instanceKlass sun/reflect/generics/tree/FieldTypeSignature
instanceKlass sun/reflect/generics/tree/BaseType
instanceKlass sun/reflect/generics/tree/TypeSignature
instanceKlass sun/reflect/generics/tree/ReturnType
instanceKlass sun/reflect/generics/tree/TypeArgument
instanceKlass sun/reflect/generics/tree/TypeTree
instanceKlass sun/reflect/generics/tree/Tree
instanceKlass sun/reflect/generics/parser/SignatureParser
instanceKlass sun/reflect/annotation/AnnotationParser
instanceKlass javax/sql/DataSource
instanceKlass java/sql/Wrapper
instanceKlass javax/sql/CommonDataSource
instanceKlass com/cbkj/infrastructure/executor/SqlExecutorTest
instanceKlass org/apache/maven/surefire/api/report/ConsoleOutputCapture
instanceKlass org/apache/maven/surefire/api/report/OutputReportEntry
instanceKlass org/junit/runner/RunWith
instanceKlass junit/framework/Test
instanceKlass org/apache/maven/surefire/api/filter/NonAbstractClassFilter
instanceKlass org/apache/maven/surefire/common/junit3/JUnit3TestChecker
instanceKlass org/apache/maven/surefire/common/junit4/JUnit4TestChecker
instanceKlass org/apache/maven/surefire/api/util/DefaultRunOrderCalculator
instanceKlass org/apache/maven/surefire/api/util/DefaultScanResult
instanceKlass org/apache/maven/surefire/report/ClassMethodIndexer
instanceKlass org/apache/maven/surefire/api/report/StackTraceWriter
instanceKlass org/apache/maven/surefire/api/report/TestSetReportEntry
instanceKlass org/junit/runner/notification/RunListener
instanceKlass org/apache/maven/surefire/api/util/ScannerFilter
instanceKlass org/junit/runner/manipulation/Filter
instanceKlass org/junit/runner/notification/RunNotifier
instanceKlass org/apache/maven/surefire/report/RunModeSetter
instanceKlass org/apache/maven/surefire/api/provider/AbstractProvider
instanceKlass org/apache/maven/surefire/api/provider/SurefireProvider
instanceKlass org/apache/maven/surefire/api/util/ReflectionUtils
instanceKlass org/apache/maven/surefire/api/util/DirectoryScanner
instanceKlass org/apache/maven/surefire/api/util/RunOrderCalculator
instanceKlass org/apache/maven/surefire/api/util/ScanResult
instanceKlass org/apache/maven/surefire/api/booter/BaseProviderFactory
instanceKlass org/apache/maven/surefire/api/provider/ProviderParameters
instanceKlass java/lang/AssertionStatusDirectives
instanceKlass org/apache/maven/surefire/booter/ForkedBooter$PingScheduler
instanceKlass org/apache/maven/surefire/booter/ForkedBooter$3
instanceKlass org/apache/maven/surefire/api/booter/BiProperty
instanceKlass org/apache/maven/surefire/booter/ForkedBooter$4
instanceKlass java/util/Date
instanceKlass java/text/DigitList
instanceKlass java/text/FieldPosition
instanceKlass java/util/Currency$CurrencyNameGetter
instanceKlass java/util/Currency$1
instanceKlass java/util/Currency
instanceKlass java/text/DecimalFormatSymbols
instanceKlass java/util/concurrent/atomic/AtomicMarkableReference$Pair
instanceKlass java/util/concurrent/atomic/AtomicMarkableReference
instanceKlass java/text/DateFormatSymbols
instanceKlass sun/util/calendar/CalendarUtils
instanceKlass sun/util/calendar/CalendarDate
instanceKlass java/util/Collections$EmptyIterator
instanceKlass sun/util/locale/LanguageTag
instanceKlass java/util/LinkedList$Node
instanceKlass java/util/ResourceBundle$CacheKeyReference
instanceKlass java/util/ResourceBundle$CacheKey
instanceKlass java/util/ResourceBundle$RBClassLoader$1
instanceKlass java/util/spi/ResourceBundleControlProvider
instanceKlass java/util/ResourceBundle
instanceKlass java/util/ResourceBundle$Control
instanceKlass sun/util/resources/LocaleData$1
instanceKlass sun/util/resources/LocaleData
instanceKlass sun/util/locale/provider/LocaleResources
instanceKlass sun/util/locale/provider/CalendarDataUtility$CalendarWeekParameterGetter
instanceKlass sun/util/locale/provider/LocaleServiceProviderPool$LocalizedObjectGetter
instanceKlass sun/util/locale/provider/SPILocaleProviderAdapter$1
instanceKlass sun/util/locale/provider/LocaleServiceProviderPool
instanceKlass sun/util/locale/provider/CalendarDataUtility
instanceKlass java/util/Calendar$Builder
instanceKlass sun/util/locale/provider/JRELocaleProviderAdapter$1
instanceKlass sun/util/locale/provider/LocaleDataMetaInfo
instanceKlass sun/util/locale/provider/AvailableLanguageTags
instanceKlass sun/util/locale/provider/LocaleProviderAdapter$1
instanceKlass sun/util/locale/provider/ResourceBundleBasedAdapter
instanceKlass sun/util/locale/provider/LocaleProviderAdapter
instanceKlass java/util/spi/LocaleServiceProvider
instanceKlass java/util/Calendar
instanceKlass java/util/TimeZone$1
instanceKlass java/util/zip/CRC32
instanceKlass java/util/zip/Checksum
instanceKlass sun/util/calendar/ZoneInfoFile$ZoneOffsetTransitionRule
instanceKlass java/io/DataInput
instanceKlass sun/util/calendar/ZoneInfoFile$1
instanceKlass sun/util/calendar/ZoneInfoFile
instanceKlass sun/util/calendar/CalendarSystem
instanceKlass java/util/TimeZone
instanceKlass java/util/Locale$1
instanceKlass java/text/AttributedCharacterIterator$Attribute
instanceKlass java/text/Format
instanceKlass sun/misc/FDBigInteger
instanceKlass sun/misc/FloatingDecimal$ASCIIToBinaryBuffer
instanceKlass sun/misc/FloatingDecimal$PreparedASCIIToBinaryBuffer
instanceKlass sun/misc/FloatingDecimal$ASCIIToBinaryConverter
instanceKlass sun/misc/FloatingDecimal$BinaryToASCIIBuffer
instanceKlass sun/misc/FloatingDecimal$ExceptionalBinaryToASCIIBuffer
instanceKlass sun/misc/FloatingDecimal$BinaryToASCIIConverter
instanceKlass sun/misc/FloatingDecimal
instanceKlass java/lang/Byte$ByteCache
instanceKlass java/lang/Short$ShortCache
instanceKlass org/apache/maven/surefire/shared/lang3/math/NumberUtils
instanceKlass java/util/ArrayList$SubList$1
instanceKlass java/util/concurrent/ConcurrentLinkedQueue$Itr
instanceKlass org/apache/maven/surefire/booter/CommandReader$1
instanceKlass org/apache/maven/surefire/shared/lang3/SystemUtils
instanceKlass org/apache/maven/surefire/api/booter/Command
instanceKlass org/apache/maven/surefire/booter/stream/CommandDecoder$1
instanceKlass org/apache/maven/surefire/api/stream/AbstractStreamDecoder$BufferedStream
instanceKlass org/apache/maven/surefire/booter/PpidChecker$ProcessInfoConsumer
instanceKlass org/apache/maven/surefire/booter/PpidChecker
instanceKlass org/apache/maven/surefire/api/stream/AbstractStreamDecoder$Memento
instanceKlass java/util/concurrent/CopyOnWriteArrayList
instanceKlass java/util/concurrent/CountDownLatch
instanceKlass java/util/concurrent/atomic/AtomicReference
instanceKlass org/apache/maven/surefire/booter/CommandReader$CommandRunnable
instanceKlass java/util/concurrent/ConcurrentLinkedQueue$Node
instanceKlass org/apache/maven/surefire/booter/CommandReader
instanceKlass org/apache/maven/surefire/api/booter/ForkingRunListener
instanceKlass org/apache/maven/surefire/api/report/TestReportListener
instanceKlass org/apache/maven/surefire/api/report/TestOutputReceiver
instanceKlass org/apache/maven/surefire/api/report/RunListener
instanceKlass org/apache/maven/surefire/api/booter/ForkingReporterFactory
instanceKlass org/apache/maven/surefire/shared/utils/cli/ShutdownHookUtils
instanceKlass org/apache/maven/surefire/booter/ForkedBooter$8
instanceKlass org/apache/maven/surefire/api/stream/AbstractStreamDecoder$Segment
instanceKlass sun/nio/cs/Surrogate
instanceKlass sun/nio/cs/Surrogate$Parser
instanceKlass org/apache/maven/surefire/api/booter/Constants
instanceKlass org/apache/maven/surefire/api/util/internal/AbstractNoninterruptibleReadableChannel
instanceKlass org/jacoco/agent/rt/internal_4742761/asm/Handle
instanceKlass org/apache/maven/surefire/api/stream/AbstractStreamDecoder
instanceKlass org/apache/maven/surefire/booter/spi/CommandChannelDecoder
instanceKlass org/apache/maven/surefire/api/report/ReportEntry
instanceKlass org/apache/maven/surefire/api/stream/AbstractStreamEncoder
instanceKlass java/util/concurrent/locks/LockSupport
instanceKlass java/util/concurrent/Executors$RunnableAdapter
instanceKlass java/util/concurrent/FutureTask$WaitNode
instanceKlass java/util/concurrent/FutureTask
instanceKlass org/apache/maven/surefire/booter/spi/AbstractMasterProcessChannelProcessorFactory$1
instanceKlass org/apache/maven/surefire/api/util/internal/AbstractNoninterruptibleWritableChannel
instanceKlass org/apache/maven/surefire/api/util/internal/WritableBufferedByteChannel
instanceKlass org/apache/maven/surefire/api/util/internal/Channels
instanceKlass org/apache/maven/plugin/surefire/log/api/NullConsoleLogger
instanceKlass org/apache/maven/surefire/booter/ForkedNodeArg
instanceKlass java/nio/channels/AsynchronousByteChannel
instanceKlass java/nio/channels/AsynchronousChannel
instanceKlass java/net/SocketAddress
instanceKlass java/util/concurrent/locks/AbstractQueuedSynchronizer$ConditionObject
instanceKlass java/util/concurrent/locks/Condition
instanceKlass java/util/concurrent/RunnableScheduledFuture
instanceKlass java/util/concurrent/ScheduledFuture
instanceKlass java/util/concurrent/Delayed
instanceKlass java/util/concurrent/RunnableFuture
instanceKlass java/util/concurrent/Future
instanceKlass java/util/concurrent/BlockingQueue
instanceKlass java/util/concurrent/ThreadPoolExecutor$AbortPolicy
instanceKlass java/util/concurrent/RejectedExecutionHandler
instanceKlass java/util/concurrent/AbstractExecutorService
instanceKlass org/apache/maven/surefire/api/util/internal/DaemonThreadFactory$NamedThreadFactory
instanceKlass java/util/concurrent/Executors$DefaultThreadFactory
instanceKlass java/util/concurrent/Executors
instanceKlass org/apache/maven/surefire/api/util/internal/DaemonThreadFactory
instanceKlass java/util/concurrent/ThreadFactory
instanceKlass org/apache/maven/surefire/api/booter/MasterProcessChannelEncoder
instanceKlass org/apache/maven/surefire/api/booter/MasterProcessChannelDecoder
instanceKlass org/apache/maven/surefire/booter/spi/AbstractMasterProcessChannelProcessorFactory
instanceKlass sun/net/www/protocol/jar/JarFileFactory
instanceKlass sun/net/www/protocol/jar/URLJarFile$URLJarFileCloseController
instanceKlass java/net/URLClassLoader$3$1
instanceKlass sun/misc/CompoundEnumeration
instanceKlass java/net/URLClassLoader$3
instanceKlass sun/misc/URLClassPath$1
instanceKlass java/lang/ClassLoader$2
instanceKlass sun/misc/URLClassPath$2
instanceKlass sun/misc/Launcher$BootClassPathHolder$1
instanceKlass sun/misc/Launcher$BootClassPathHolder
instanceKlass java/util/ServiceLoader$1
instanceKlass java/util/ServiceLoader$LazyIterator
instanceKlass java/util/ServiceLoader
instanceKlass org/apache/maven/surefire/spi/MasterProcessChannelProcessorFactory
instanceKlass org/apache/maven/surefire/booter/StartupConfiguration
instanceKlass org/apache/maven/surefire/booter/Classpath
instanceKlass org/apache/maven/surefire/booter/AbstractPathConfiguration
instanceKlass org/apache/maven/surefire/booter/ClassLoaderConfiguration
instanceKlass java/util/AbstractList$Itr
instanceKlass java/util/Collections$UnmodifiableCollection$1
instanceKlass sun/management/Util
instanceKlass sun/management/RuntimeImpl
instanceKlass java/lang/management/RuntimeMXBean
instanceKlass java/lang/management/PlatformManagedObject
instanceKlass sun/management/VMManagementImpl
instanceKlass sun/management/VMManagement
instanceKlass sun/management/ManagementFactoryHelper$4
instanceKlass sun/management/ManagementFactoryHelper
instanceKlass java/lang/management/ManagementFactory
instanceKlass org/apache/maven/surefire/api/util/internal/DumpFileUtils
instanceKlass org/apache/maven/surefire/api/booter/DumpErrorSingleton
instanceKlass org/apache/maven/surefire/booter/ProviderConfiguration
instanceKlass java/lang/Class$4
instanceKlass org/apache/maven/surefire/api/report/ReporterConfiguration
instanceKlass org/apache/maven/surefire/api/testset/ResolvedTest$MethodMatcher
instanceKlass org/apache/maven/surefire/api/testset/ResolvedTest$ClassMatcher
instanceKlass org/apache/maven/surefire/api/testset/ResolvedTest
instanceKlass org/apache/maven/surefire/shared/utils/StringUtils
instanceKlass java/util/Collections$1
instanceKlass org/apache/maven/surefire/api/testset/IncludedExcludedPatterns
instanceKlass org/apache/maven/surefire/api/testset/TestListResolver
instanceKlass org/apache/maven/surefire/api/testset/GenericTestPattern
instanceKlass org/apache/maven/surefire/api/testset/TestFilter
instanceKlass org/apache/maven/surefire/api/testset/TestRequest
instanceKlass org/apache/maven/surefire/api/testset/TestArtifactInfo
instanceKlass org/apache/maven/surefire/api/testset/RunOrderParameters
instanceKlass org/apache/maven/surefire/api/util/RunOrder
instanceKlass org/apache/maven/surefire/api/testset/DirectoryScannerParameters
instanceKlass org/apache/maven/surefire/booter/TypeEncodedValue
instanceKlass java/util/concurrent/ConcurrentHashMap$MapEntry
instanceKlass java/util/concurrent/ConcurrentHashMap$Traverser
instanceKlass org/apache/maven/surefire/booter/PropertiesWrapper
instanceKlass org/apache/maven/surefire/booter/KeyValueSource
instanceKlass org/apache/maven/surefire/booter/SystemPropertyManager
instanceKlass org/apache/maven/surefire/booter/BooterDeserializer
instanceKlass java/util/concurrent/locks/AbstractQueuedSynchronizer$Node
instanceKlass java/util/concurrent/locks/AbstractOwnableSynchronizer
instanceKlass java/util/concurrent/Semaphore
instanceKlass org/jacoco/agent/rt/internal_4742761/core/data/ExecutionData
instanceKlass java/lang/Void
instanceKlass java/util/concurrent/ScheduledExecutorService
instanceKlass java/util/concurrent/ExecutorService
instanceKlass java/util/concurrent/Executor
instanceKlass org/apache/maven/plugin/surefire/log/api/ConsoleLogger
instanceKlass org/apache/maven/surefire/api/fork/ForkNodeArguments
instanceKlass org/apache/maven/surefire/api/provider/CommandChainReader
instanceKlass org/apache/maven/surefire/api/report/ReporterFactory
instanceKlass org/apache/maven/surefire/api/provider/CommandListener
instanceKlass org/jacoco/agent/rt/internal_4742761/core/internal/instr/NoneProbeArrayStrategy
instanceKlass java/lang/Class$MethodArray
instanceKlass sun/launcher/LauncherHelper$FXHelper
instanceKlass org/apache/maven/surefire/booter/ForkedBooter
instanceKlass org/jacoco/agent/rt/internal_4742761/asm/Handler
instanceKlass org/jacoco/agent/rt/internal_4742761/asm/tree/TryCatchBlockNode
instanceKlass org/jacoco/agent/rt/internal_4742761/core/internal/flow/FrameSnapshot
instanceKlass org/jacoco/agent/rt/internal_4742761/core/internal/flow/IFrame
instanceKlass org/jacoco/agent/rt/internal_4742761/core/internal/flow/LabelInfo
instanceKlass org/jacoco/agent/rt/internal_4742761/asm/tree/LocalVariableNode
instanceKlass org/jacoco/agent/rt/internal_4742761/asm/tree/InsnList
instanceKlass org/jacoco/agent/rt/internal_4742761/asm/tree/Util
instanceKlass org/jacoco/agent/rt/internal_4742761/asm/tree/AbstractInsnNode
instanceKlass org/jacoco/agent/rt/internal_4742761/asm/Label
instanceKlass org/jacoco/agent/rt/internal_4742761/asm/Type
instanceKlass java/lang/Long$LongCache
instanceKlass org/jacoco/agent/rt/internal_4742761/core/internal/instr/IProbeInserter
instanceKlass org/jacoco/agent/rt/internal_4742761/asm/Opcodes
instanceKlass org/jacoco/agent/rt/internal_4742761/core/internal/instr/ClassFieldProbeArrayStrategy
instanceKlass org/jacoco/agent/rt/internal_4742761/core/internal/instr/IProbeArrayStrategy
instanceKlass org/jacoco/agent/rt/internal_4742761/core/internal/instr/ProbeArrayStrategyFactory
instanceKlass org/jacoco/agent/rt/internal_4742761/core/internal/data/CRC64
instanceKlass sun/usagetracker/UsageTrackerClient$3
instanceKlass sun/usagetracker/UsageTrackerClient$2
instanceKlass sun/usagetracker/UsageTrackerClient$4
instanceKlass sun/usagetracker/UsageTrackerClient$1
instanceKlass java/util/concurrent/atomic/AtomicBoolean
instanceKlass sun/usagetracker/UsageTrackerClient
instanceKlass sun/misc/PostVMInitHook$1
instanceKlass jdk/internal/util/EnvUtils
instanceKlass sun/misc/PostVMInitHook$2
instanceKlass sun/misc/PostVMInitHook
instanceKlass java/lang/invoke/MethodHandleStatics$1
instanceKlass java/lang/invoke/MethodHandleStatics
instanceKlass java/lang/invoke/MemberName$Factory
instanceKlass java/lang/ClassValue$Version
instanceKlass java/lang/ClassValue$Identity
instanceKlass java/lang/ClassValue
instanceKlass java/lang/invoke/MethodHandleImpl$3
instanceKlass java/lang/invoke/MethodHandleImpl$2
instanceKlass java/util/function/Function
instanceKlass java/lang/invoke/MethodHandleImpl$1
instanceKlass java/lang/invoke/MethodHandleImpl
instanceKlass org/jacoco/agent/rt/internal_4742761/ClassFileDumper
instanceKlass java/util/regex/ASCII
instanceKlass org/jacoco/agent/rt/internal_4742761/core/runtime/WildcardMatcher
instanceKlass org/jacoco/agent/rt/internal_4742761/core/internal/instr/SignatureRemover
instanceKlass org/jacoco/agent/rt/internal_4742761/core/internal/flow/IProbeIdGenerator
instanceKlass org/jacoco/agent/rt/internal_4742761/core/instr/Instrumenter
instanceKlass org/jacoco/agent/rt/internal_4742761/CoverageTransformer
instanceKlass java/util/HashMap$HashIterator
instanceKlass sun/reflect/UnsafeFieldAccessorFactory
instanceKlass org/jacoco/agent/rt/internal_4742761/asm/Frame
instanceKlass org/jacoco/agent/rt/internal_4742761/asm/Context
instanceKlass org/jacoco/agent/rt/internal_4742761/asm/Attribute
instanceKlass org/jacoco/agent/rt/internal_4742761/asm/ByteVector
instanceKlass org/jacoco/agent/rt/internal_4742761/asm/Symbol
instanceKlass org/jacoco/agent/rt/internal_4742761/asm/SymbolTable
instanceKlass org/jacoco/agent/rt/internal_4742761/asm/FieldVisitor
instanceKlass org/jacoco/agent/rt/internal_4742761/asm/ModuleVisitor
instanceKlass org/jacoco/agent/rt/internal_4742761/asm/RecordComponentVisitor
instanceKlass org/jacoco/agent/rt/internal_4742761/asm/AnnotationVisitor
instanceKlass org/jacoco/agent/rt/internal_4742761/asm/MethodVisitor
instanceKlass org/jacoco/agent/rt/internal_4742761/asm/ClassReader
instanceKlass org/jacoco/agent/rt/internal_4742761/core/internal/instr/InstrSupport
instanceKlass org/jacoco/agent/rt/internal_4742761/core/runtime/ModifiedSystemClassRuntime$1
instanceKlass org/jacoco/agent/rt/internal_4742761/asm/ClassVisitor
instanceKlass org/jacoco/agent/rt/internal_4742761/AgentModule
instanceKlass java/lang/Shutdown$Lock
instanceKlass java/lang/Shutdown
instanceKlass java/lang/ApplicationShutdownHooks$1
instanceKlass java/lang/ApplicationShutdownHooks
instanceKlass java/io/FileOutputStream$1
instanceKlass java/nio/channels/spi/AbstractInterruptibleChannel$1
instanceKlass sun/nio/ch/Interruptible
instanceKlass sun/nio/ch/FileKey
instanceKlass sun/nio/ch/FileLockTable
instanceKlass sun/nio/ch/NativeThread
instanceKlass java/nio/channels/FileLock
instanceKlass sun/nio/ch/FileDispatcherImpl$1
instanceKlass sun/nio/ch/NativeDispatcher
instanceKlass sun/nio/ch/NativeThreadSet
instanceKlass sun/nio/ch/IOUtil$1
instanceKlass sun/nio/ch/IOUtil
instanceKlass java/nio/file/attribute/FileAttribute
instanceKlass java/nio/channels/spi/AbstractInterruptibleChannel
instanceKlass java/nio/channels/InterruptibleChannel
instanceKlass java/nio/channels/ScatteringByteChannel
instanceKlass java/nio/channels/GatheringByteChannel
instanceKlass java/nio/channels/SeekableByteChannel
instanceKlass java/nio/channels/ByteChannel
instanceKlass java/nio/channels/WritableByteChannel
instanceKlass java/nio/channels/ReadableByteChannel
instanceKlass java/nio/channels/Channel
instanceKlass org/jacoco/agent/rt/internal_4742761/output/FileOutput
instanceKlass org/jacoco/agent/rt/internal_4742761/Agent$2
instanceKlass java/util/Random
instanceKlass org/jacoco/agent/rt/internal_4742761/core/runtime/AbstractRuntime
instanceKlass java/net/InetAddress$CacheEntry
instanceKlass java/util/LinkedList$ListItr
instanceKlass java/util/ListIterator
instanceKlass java/util/LinkedHashMap$LinkedHashIterator
instanceKlass sun/net/InetAddressCachePolicy$2
instanceKlass java/util/Properties$LineReader
instanceKlass java/security/Security$1
instanceKlass java/security/Security
instanceKlass sun/net/InetAddressCachePolicy$1
instanceKlass sun/net/InetAddressCachePolicy
instanceKlass java/net/Inet4AddressImpl
instanceKlass java/net/Inet6Address$Inet6AddressHolder
instanceKlass java/util/ArrayList$Itr
instanceKlass java/net/InetAddress$2
instanceKlass sun/net/spi/nameservice/NameService
instanceKlass java/net/Inet6AddressImpl
instanceKlass java/net/InetAddressImpl
instanceKlass java/net/InetAddressImplFactory
instanceKlass java/net/InetAddress$Cache
instanceKlass java/net/InetAddress$InetAddressHolder
instanceKlass java/net/InetAddress$1
instanceKlass sun/security/action/GetBooleanAction
instanceKlass java/net/InetAddress
instanceKlass org/jacoco/agent/rt/internal_4742761/core/data/ExecutionDataStore
instanceKlass org/jacoco/agent/rt/internal_4742761/core/runtime/RuntimeData
instanceKlass org/jacoco/agent/rt/internal_4742761/IExceptionLogger$1
instanceKlass org/jacoco/agent/rt/internal_4742761/IExceptionLogger
instanceKlass java/util/concurrent/Callable
instanceKlass org/jacoco/agent/rt/internal_4742761/output/IAgentOutput
instanceKlass org/jacoco/agent/rt/internal_4742761/core/data/ISessionInfoVisitor
instanceKlass org/jacoco/agent/rt/internal_4742761/core/data/IExecutionDataVisitor
instanceKlass org/jacoco/agent/rt/internal_4742761/Agent
instanceKlass org/jacoco/agent/rt/IAgent
instanceKlass java/util/regex/Matcher
instanceKlass java/util/regex/MatchResult
instanceKlass java/util/regex/Pattern$TreeInfo
instanceKlass java/util/regex/Pattern$Node
instanceKlass java/util/regex/Pattern
instanceKlass org/jacoco/agent/rt/internal_4742761/core/runtime/AgentOptions
instanceKlass sun/instrument/InstrumentationImpl$1
instanceKlass org/jacoco/agent/rt/internal_4742761/core/runtime/IRuntime
instanceKlass org/jacoco/agent/rt/internal_4742761/core/runtime/IExecutionDataAccessorGenerator
instanceKlass java/lang/instrument/ClassFileTransformer
instanceKlass org/jacoco/agent/rt/internal_4742761/PreMain
instanceKlass java/io/FilePermission$1
instanceKlass sun/net/www/MessageHeader
instanceKlass java/net/URLConnection
instanceKlass java/security/PermissionCollection
instanceKlass sun/nio/ByteBuffered
instanceKlass java/lang/Package
instanceKlass sun/misc/Resource
instanceKlass java/util/jar/Attributes$Name
instanceKlass java/util/jar/Attributes
instanceKlass java/util/jar/JarVerifier$3
instanceKlass java/security/CodeSigner
instanceKlass java/util/jar/JarVerifier
instanceKlass sun/misc/IOUtils
instanceKlass java/util/zip/ZStreamRef
instanceKlass java/util/zip/Inflater
instanceKlass java/util/zip/ZipEntry
instanceKlass sun/misc/ExtensionDependency
instanceKlass sun/misc/JarIndex
instanceKlass sun/nio/ch/DirectBuffer
instanceKlass sun/misc/PerfCounter$CoreCounters
instanceKlass sun/misc/Perf
instanceKlass sun/misc/Perf$GetPerfAction
instanceKlass sun/misc/PerfCounter
instanceKlass java/util/zip/ZipCoder
instanceKlass java/util/Deque
instanceKlass java/util/Queue
instanceKlass java/nio/charset/StandardCharsets
instanceKlass java/util/jar/JavaUtilJarAccessImpl
instanceKlass sun/misc/JavaUtilJarAccess
instanceKlass sun/misc/FileURLMapper
instanceKlass sun/misc/URLClassPath$JarLoader$1
instanceKlass java/util/zip/ZipFile$1
instanceKlass sun/misc/JavaUtilZipFileAccess
instanceKlass java/util/zip/ZipFile
instanceKlass java/util/zip/ZipConstants
instanceKlass sun/misc/URLClassPath$Loader
instanceKlass sun/misc/URLClassPath$3
instanceKlass sun/net/util/URLUtil
instanceKlass java/net/URLClassLoader$1
instanceKlass sun/instrument/TransformerManager$TransformerInfo
instanceKlass sun/instrument/TransformerManager
instanceKlass sun/instrument/InstrumentationImpl
instanceKlass java/lang/instrument/Instrumentation
instanceKlass java/lang/SystemClassLoaderAction
instanceKlass sun/misc/Launcher$AppClassLoader$1
instanceKlass sun/misc/URLClassPath
instanceKlass java/security/Principal
instanceKlass java/security/ProtectionDomain$Key
instanceKlass java/security/ProtectionDomain$2
instanceKlass sun/misc/JavaSecurityProtectionDomainAccess
instanceKlass java/security/ProtectionDomain$JavaSecurityAccessImpl
instanceKlass sun/misc/JavaSecurityAccess
instanceKlass sun/net/util/IPAddressUtil
instanceKlass java/net/URLStreamHandler
instanceKlass java/net/Parts
instanceKlass java/util/BitSet
instanceKlass sun/net/www/ParseUtil
instanceKlass java/io/FileInputStream$1
instanceKlass java/lang/CharacterData
instanceKlass sun/util/locale/LocaleUtils
instanceKlass java/util/Locale$LocaleKey
instanceKlass sun/util/locale/BaseLocale$Key
instanceKlass sun/util/locale/BaseLocale
instanceKlass java/util/concurrent/ConcurrentHashMap$CollectionView
instanceKlass java/util/concurrent/ConcurrentHashMap$CounterCell
instanceKlass java/util/concurrent/ConcurrentHashMap$Node
instanceKlass java/util/concurrent/locks/ReentrantLock
instanceKlass java/util/concurrent/locks/Lock
instanceKlass java/util/concurrent/ConcurrentMap
instanceKlass sun/util/locale/LocaleObjectCache
instanceKlass java/util/Locale
instanceKlass java/lang/reflect/Array
instanceKlass java/io/Reader
instanceKlass sun/misc/MetaIndex
instanceKlass java/util/StringTokenizer
instanceKlass sun/misc/Launcher$ExtClassLoader$1
instanceKlass java/net/URLClassLoader$7
instanceKlass sun/misc/JavaNetAccess
instanceKlass java/lang/ClassLoader$ParallelLoaders
instanceKlass sun/security/util/Debug
instanceKlass sun/misc/Launcher$Factory
instanceKlass java/net/URLStreamHandlerFactory
instanceKlass java/lang/Compiler$1
instanceKlass java/lang/Compiler
instanceKlass java/lang/System$2
instanceKlass sun/misc/JavaLangAccess
instanceKlass sun/io/Win32ErrorMode
instanceKlass sun/misc/OSEnvironment
instanceKlass java/lang/Integer$IntegerCache
instanceKlass sun/misc/NativeSignalHandler
instanceKlass sun/misc/Signal
instanceKlass java/lang/Terminator$1
instanceKlass sun/misc/SignalHandler
instanceKlass java/lang/Terminator
instanceKlass java/lang/ClassLoader$NativeLibrary
instanceKlass java/io/ExpiringCache$Entry
instanceKlass java/lang/ClassLoader$3
instanceKlass java/lang/StringCoding$StringEncoder
instanceKlass java/nio/file/Path
instanceKlass java/nio/file/Watchable
instanceKlass java/lang/Enum
instanceKlass java/io/ExpiringCache
instanceKlass java/io/FileSystem
instanceKlass java/io/DefaultFileSystem
instanceKlass java/nio/charset/CoderResult$Cache
instanceKlass java/nio/charset/CoderResult
instanceKlass java/lang/Readable
instanceKlass java/nio/Bits$1
instanceKlass sun/misc/JavaNioAccess
instanceKlass java/nio/ByteOrder
instanceKlass java/nio/Bits
instanceKlass java/nio/charset/CharsetEncoder
instanceKlass sun/nio/cs/ArrayEncoder
instanceKlass sun/security/action/GetPropertyAction
instanceKlass java/io/Writer
instanceKlass sun/reflect/misc/ReflectUtil
instanceKlass java/util/concurrent/atomic/AtomicReferenceFieldUpdater$AtomicReferenceFieldUpdaterImpl$1
instanceKlass java/security/PrivilegedExceptionAction
instanceKlass java/util/concurrent/atomic/AtomicReferenceFieldUpdater
instanceKlass java/io/OutputStream
instanceKlass java/io/Flushable
instanceKlass java/io/FileDescriptor$1
instanceKlass sun/misc/JavaIOFileDescriptorAccess
instanceKlass java/io/FileDescriptor
instanceKlass sun/misc/Version
instanceKlass java/lang/Runtime
instanceKlass java/util/Hashtable$Enumerator
instanceKlass java/util/Iterator
instanceKlass java/util/Enumeration
instanceKlass java/util/Objects
instanceKlass java/util/Collections$SynchronizedCollection
instanceKlass java/nio/charset/CodingErrorAction
instanceKlass java/nio/charset/CharsetDecoder
instanceKlass sun/nio/cs/ArrayDecoder
instanceKlass sun/nio/cs/ext/DelegatableDecoder
instanceKlass sun/nio/cs/ext/DoubleByte
instanceKlass java/lang/StringCoding$StringDecoder
instanceKlass java/lang/ThreadLocal$ThreadLocalMap
instanceKlass java/lang/StringCoding
instanceKlass sun/nio/cs/HistoricallyNamedCharset
instanceKlass java/util/TreeMap$Entry
instanceKlass sun/misc/ASCIICaseInsensitiveComparator
instanceKlass java/util/NavigableMap
instanceKlass java/util/SortedMap
instanceKlass sun/reflect/ReflectionFactory$1
instanceKlass java/lang/Class$1
instanceKlass java/nio/charset/Charset$ExtendedProviderHolder$1
instanceKlass java/nio/charset/Charset$ExtendedProviderHolder
instanceKlass java/util/Arrays
instanceKlass java/lang/reflect/ReflectAccess
instanceKlass sun/reflect/LangReflectAccess
instanceKlass java/lang/reflect/Modifier
instanceKlass sun/reflect/annotation/AnnotationType
instanceKlass java/lang/Class$AnnotationData
instanceKlass sun/reflect/generics/repository/AbstractRepository
instanceKlass java/lang/Class$Atomic
instanceKlass java/lang/Class$ReflectionData
instanceKlass java/lang/Class$3
instanceKlass java/lang/ThreadLocal
instanceKlass java/nio/charset/spi/CharsetProvider
instanceKlass java/nio/charset/Charset
instanceKlass java/lang/Math
instanceKlass java/util/Hashtable$Entry
instanceKlass sun/misc/VM
instanceKlass java/util/HashMap$Node
instanceKlass java/util/Map$Entry
instanceKlass sun/reflect/Reflection
instanceKlass sun/misc/SharedSecrets
instanceKlass java/lang/ref/Reference$1
instanceKlass sun/misc/JavaLangRefAccess
instanceKlass java/lang/ref/ReferenceQueue$Lock
instanceKlass java/util/Collections$UnmodifiableCollection
instanceKlass java/util/AbstractMap
instanceKlass java/util/Set
instanceKlass java/util/Collections
instanceKlass java/lang/ref/Reference$Lock
instanceKlass sun/reflect/ReflectionFactory
instanceKlass java/util/AbstractCollection
instanceKlass java/util/RandomAccess
instanceKlass java/util/List
instanceKlass java/util/Collection
instanceKlass java/lang/Iterable
instanceKlass java/security/cert/Certificate
instanceKlass sun/reflect/ReflectionFactory$GetReflectionFactoryAction
instanceKlass java/security/PrivilegedAction
instanceKlass java/security/AccessController
instanceKlass java/security/Permission
instanceKlass java/security/Guard
instanceKlass java/lang/String$CaseInsensitiveComparator
instanceKlass java/util/Comparator
instanceKlass java/io/ObjectStreamField
instanceKlass java/lang/Number
instanceKlass java/lang/Character
instanceKlass java/lang/Boolean
instanceKlass java/nio/Buffer
instanceKlass java/lang/StackTraceElement
instanceKlass java/security/CodeSource
instanceKlass sun/misc/Launcher
instanceKlass java/util/jar/Manifest
instanceKlass java/net/URL
instanceKlass java/io/File
instanceKlass java/io/InputStream
instanceKlass java/io/Closeable
instanceKlass java/lang/AutoCloseable
instanceKlass sun/misc/Unsafe
instanceKlass java/lang/AbstractStringBuilder
instanceKlass java/lang/Appendable
instanceKlass java/lang/invoke/CallSite
instanceKlass java/lang/invoke/MethodType
instanceKlass java/lang/invoke/LambdaForm
instanceKlass java/lang/invoke/MethodHandleNatives
instanceKlass java/lang/invoke/MemberName
instanceKlass java/lang/invoke/MethodHandle
instanceKlass sun/reflect/CallerSensitive
instanceKlass java/lang/annotation/Annotation
instanceKlass sun/reflect/FieldAccessor
instanceKlass sun/reflect/ConstantPool
instanceKlass sun/reflect/ConstructorAccessor
instanceKlass sun/reflect/MethodAccessor
instanceKlass sun/reflect/MagicAccessorImpl
instanceKlass java/lang/reflect/Parameter
instanceKlass java/lang/reflect/Member
instanceKlass java/lang/reflect/AccessibleObject
instanceKlass java/util/Dictionary
instanceKlass java/util/Map
instanceKlass java/lang/ThreadGroup
instanceKlass java/lang/Thread$UncaughtExceptionHandler
instanceKlass java/lang/Thread
instanceKlass java/lang/Runnable
instanceKlass java/lang/ref/ReferenceQueue
instanceKlass java/lang/ref/Reference
instanceKlass java/security/AccessControlContext
instanceKlass java/security/ProtectionDomain
instanceKlass java/lang/SecurityManager
instanceKlass java/lang/Throwable
instanceKlass java/lang/System
instanceKlass java/lang/ClassLoader
instanceKlass java/lang/Cloneable
instanceKlass java/lang/Class
instanceKlass java/lang/reflect/Type
instanceKlass java/lang/reflect/GenericDeclaration
instanceKlass java/lang/reflect/AnnotatedElement
instanceKlass java/lang/String
instanceKlass java/lang/CharSequence
instanceKlass java/lang/Comparable
instanceKlass java/io/Serializable
ciInstanceKlass java/lang/Object 1 1 78 3 8 8 8 1 1 1 1 1 1 1 1 1 1 1 1 1 1 1 1 1 1 1 1 1 1 1 1 1 1 1 1 1 1 1 1 1 1 1 1 1 1 1 1 1 7 7 100 7 7 7 7 7 1 1 1 12 12 12 12 12 12 12 12 12 12 10 10 10 10 10 10 10 10 10 10 1
ciInstanceKlass java/io/Serializable 1 0 7 1 1 1 100 100 1
ciInstanceKlass java/lang/String 1 1 542 3 3 3 3 8 8 8 8 8 8 8 8 8 8 1 1 1 1 1 1 1 1 1 1 1 1 1 1 1 1 1 1 1 1 1 1 1 1 1 1 1 1 1 1 1 1 1 1 1 1 1 1 1 1 1 1 1 1 1 1 1 1 1 1 1 1 1 1 1 1 1 1 1 1 1 1 1 1 1 1 1 1 1 1 1 1 1 1 1 1 1 1 1 1 1 1 1 1 1 1 1 1 1 1 1 1 1 1 1 1 1 1 1 1 1 1 1 1 1 1 1 1 1 1 1 1 1 1 1 1 1 1 1 1 1 1 1 1 1 1 1 1 1 1 1 1 1 1 1 1 1 1 1 1 1 1 1 1 1 1 1 1 1 1 1 1 1 1 1 1 1 1 1 1 1 1 1 1 1 1 1 1 1 1 1 1 1 1 1 1 1 1 1 1 1 1 1 1 1 1 1 1 1 1 1 1 1 1 1 1 1 1 1 5 0 100 100 100 100 7 7 100 100 100 7 7 100 100 100 100 100 100 100 100 100 7 100 7 7 100 7 100 100 7 100 7 100 100 7 7 7 7 100 7 7 100 100 100 100 1 1 1 1 1 1 1 1 1 1 1 1 1 1 1 1 1 1 1 1 1 1 1 1 1 1 1 1 1 1 1 1 1 1 1 1 1 1 1 1 1 1 1 1 1 1 1 1 1 1 1 1 1 1 1 1 1 1 1 1 1 12 12 12 12 12 12 12 12 12 12 12 12 12 12 12 12 12 12 12 12 12 12 12 12 12 12 12 12 12 12 12 12 12 12 12 12 12 12 12 12 12 12 12 12 12 12 12 12 12 12 12 12 12 12 12 12 12 12 12 12 12 12 12 12 12 12 12 12 12 12 12 12 12 12 12 12 12 12 12 12 12 12 12 12 12 12 12 12 12 12 12 12 12 12 12 12 12 12 12 12 12 12 9 9 9 9 10 10 10 10 10 10 10 10 10 10 10 10 10 10 10 10 10 10 10 10 10 10 10 10 10 10 10 10 10 10 10 10 10 10 10 10 10 10 10 10 10 10 10 10 10 10 10 10 10 10 10 10 10 10 10 10 10 10 10 10 10 10 10 10 10 10 10 10 10 10 10 10 10 10 10 10 10 10 10 10 10 10 10 10 10 10 10 10 10 10 10 10 10 10 10 10 10 10 10 10 10 10 10 10 10 11 11 11 11 11 11 11 11 1 1
staticfield java/lang/String serialPersistentFields [Ljava/io/ObjectStreamField; 0 [Ljava/io/ObjectStreamField;
staticfield java/lang/String CASE_INSENSITIVE_ORDER Ljava/util/Comparator; java/lang/String$CaseInsensitiveComparator
ciInstanceKlass java/lang/Class 1 1 1190 8 8 8 8 8 8 8 8 8 8 8 8 8 8 8 8 8 8 7 1 1 1 1 1 1 1 1 1 1 1 1 1 1 1 1 1 1 1 1 1 1 1 1 1 1 1 1 1 1 1 1 1 1 1 1 1 1 1 1 1 1 1 1 1 1 1 1 1 1 1 1 1 1 1 1 1 1 1 1 1 1 1 1 1 1 1 1 1 1 1 1 1 1 1 1 1 1 1 1 1 1 1 1 1 1 1 1 1 1 1 1 1 1 1 1 1 1 1 1 1 1 1 1 1 1 1 1 1 1 1 1 1 1 1 1 1 1 1 1 1 1 1 1 1 1 1 1 1 1 1 1 1 1 1 1 1 1 1 1 1 1 1 1 1 1 1 1 1 1 1 1 1 1 1 1 1 1 1 1 1 1 1 1 1 1 1 1 1 1 1 1 1 1 1 1 1 1 1 1 1 1 1 1 1 1 1 1 1 1 1 1 1 1 1 1 1 1 1 1 1 1 1 1 1 1 1 1 1 1 1 1 1 1 1 1 1 1 1 1 1 1 1 1 1 1 1 1 1 1 1 1 1 1 1 1 1 1 1 1 1 1 1 1 1 1 1 1 1 1 1 1 1 1 1 1 1 1 1 1 1 1 1 1 1 1 1 1 1 1 1 1 1 1 1 1 1 1 1 1 1 1 1 1 1 1 1 1 1 1 1 1 1 1 1 1 1 1 1 1 1 1 1 1 1 1 1 1 1 1 1 1 1 1 1 1 1 1 1 1 1 1 1 1 1 1 1 1 1 1 1 1 1 1 1 1 1 1 1 1 1 1 1 1 1 1 1 1 1 1 1 1 1 1 1 1 1 1 1 1 1 1 1 1 1 1 1 1 1 1 1 1 1 1 1 1 1 1 1 1 1 1 1 1 1 1 1 1 1 1 1 1 1 1 1 1 1 1 1 1 1 1 3 3 3 5 0 8 8 8 8 8 7 7 7 100 100 100 100 7 100 7 100 7 7 7 7 100 7 7 100 7 100 100 100 7 100 100 100 100 100 100 7 7 7 100 100 100 100 7 7 7 100 100 7 7 100 100 7 7 100 7 100 7 7 100 100 100 7 7 7 100 100 7 100 7 100 100 7 100 7 7 100 100 7 7 7 7 100 100 100 100 100 100 100 100 100 7 1 1 1 1 1 1 1 1 1 1 1 1 1 1 1 1 1 1 1 1 1 1 1 1 1 1 1 1 1 1 1 1 1 1 1 1 1 1 1 1 1 1 1 1 1 1 1 1 1 1 1 1 1 1 1 1 1 1 1 1 1 1 1 1 1 1 1 1 1 1 1 1 1 1 1 1 1 1 1 1 1 1 1 1 1 1 1 1 1 1 1 1 1 1 1 1 1 1 1 1 1 1 1 1 1 1 1 1 1 1 1 1 1 1 1 1 1 1 1 1 1 1 1 1 1 1 1 1 1 1 1 1 1 1 1 1 1 1 1 1 1 1 1 1 1 1 1 1 1 1 1 1 1 1 1 1 1 1 1 1 1 1 1 1 1 1 1 12 12 12 12 12 12 12 12 12 12 12 12 12 12 12 12 12 12 12 12 12 12 12 12 12 12 12 12 12 12 12 12 12 12 12 12 12 12 12 12 12 12 12 12 12 12 12 12 12 12 12 12 12 12 12 12 12 12 12 12 12 12 12 12 12 12 12 12 12 12 12 12 12 12 12 12 12 12 12 12 12 12 12 12 12 12 12 12 12 12 12 12 12 12 12 12 12 12 12 12 12 12 12 12 12 12 12 12 12 12 12 12 12 12 12 12 12 12 12 12 12 12 12 12 12 12 12 12 12 12 12 12 12 12 12 12 12 12 12 12 12 12 12 12 12 12 12 12 12 12 12 12 12 12 12 12 12 12 12 12 12 12 12 12 12 12 12 12 12 12 12 12 12 12 12 12 12 12 12 12 12 12 12 12 12 12 12 12 12 12 12 12 12 12 12 12 12 12 12 12 12 12 12 12 12 12 12 12 12 12 12 12 12 12 12 12 12 12 12 12 12 12 12 12 12 12 12 12 12 12 12 12 9 9 9 9 9 9 9 9 9 9 9 9 9 9 9 9 9 9 9 9 9 9 9 9 9 9 9 9 9 9 9 9 9 9 9 9 9 10 10 10 10 10 10 10 10 10 10 10 10 10 10 10 10 10 10 10 10 10 10 10 10 10 10 10 10 10 10 10 10 10 10 10 10 10 10 10 10 10 10 10 10 10 10 10 10 10 10 10 10 10 10 10 10 10 10 10 10 10 10 10 10 10 10 10 10 10 10 10 10 10 10 10 10 10 10 10 10 10 10 10 10 10 10 10 10 10 10 10 10 10 10 10 10 10 10 10 10 10 10 10 10 10 10 10 10 10 10 10 10 10 10 10 10 10 10 10 10 10 10 10 10 10 10 10 10 10 10 10 10 10 10 10 10 10 10 10 10 10 10 10 10 10 10 10 10 10 10 10 10 10 10 10 10 10 10 10 10 10 10 10 10 10 10 10 10 10 10 10 10 10 10 10 10 10 10 10 10 10 10 10 10 10 10 10 10 10 10 10 10 10 10 10 10 10 10 10 10 10 10 10 10 10 10 10 10 10 10 11 11 11 11 11 11 11 11 11 11 11 11 11 11 11 11 11 11 1 1 1 1 1 1 1 1
staticfield java/lang/Class serialPersistentFields [Ljava/io/ObjectStreamField; 0 [Ljava/io/ObjectStreamField;
ciInstanceKlass java/lang/Cloneable 1 0 7 1 1 1 100 100 1
instanceKlass java/util/ResourceBundle$RBClassLoader
instanceKlass org/jacoco/agent/rt/internal_4742761/AgentModule$1
instanceKlass sun/reflect/DelegatingClassLoader
instanceKlass java/security/SecureClassLoader
ciInstanceKlass java/lang/ClassLoader 1 1 828 8 8 8 8 8 8 8 8 8 8 8 8 8 8 8 8 8 8 7 1 1 1 1 1 1 1 1 1 1 1 1 1 1 1 1 1 1 1 1 1 1 1 1 1 1 1 1 1 1 1 1 1 1 1 1 1 1 1 1 1 1 1 1 1 1 1 1 1 1 1 1 1 1 1 1 1 1 1 1 1 1 1 1 1 1 1 1 1 1 1 1 1 1 1 1 1 1 1 1 1 1 1 1 1 1 1 1 1 1 1 1 1 1 1 1 1 1 1 1 1 1 1 1 1 1 1 1 1 1 1 1 1 1 1 1 1 1 1 1 1 1 1 1 1 1 1 1 1 1 1 1 1 1 1 1 1 1 1 1 1 1 1 1 1 1 1 1 1 1 1 1 1 1 1 1 1 1 1 1 1 1 1 1 1 1 1 1 1 1 1 1 1 1 1 1 1 1 1 1 1 1 1 1 1 1 1 1 1 1 1 1 1 1 1 1 1 1 1 1 1 1 1 1 1 1 1 1 1 1 1 1 1 1 1 1 1 1 1 1 1 1 1 1 1 1 1 1 1 1 1 1 1 1 1 1 1 1 1 1 1 1 1 1 1 1 1 1 1 1 1 1 1 1 1 1 1 1 1 1 1 1 1 1 1 1 1 1 1 1 1 1 1 1 1 100 100 100 7 7 7 100 100 7 100 7 100 100 7 7 7 7 100 7 100 100 100 100 7 7 100 100 7 100 7 7 100 100 100 100 7 100 100 7 7 100 7 7 100 100 7 7 7 100 7 7 7 7 7 7 100 7 7 7 100 100 1 1 1 1 1 1 1 1 1 1 1 1 1 1 1 1 1 1 1 1 1 1 1 1 1 1 1 1 1 1 1 1 1 1 1 1 1 1 1 1 1 1 1 1 1 1 1 1 1 1 1 1 1 1 1 1 1 1 1 1 1 1 1 1 1 1 1 1 1 1 1 1 1 1 1 1 1 1 1 1 1 1 1 1 1 1 1 1 1 1 1 1 1 1 1 1 1 1 1 1 1 1 1 1 1 1 1 1 1 1 1 12 12 12 12 12 12 12 12 12 12 12 12 12 12 12 12 12 12 12 12 12 12 12 12 12 12 12 12 12 12 12 12 12 12 12 12 12 12 12 12 12 12 12 12 12 12 12 12 12 12 12 12 12 12 12 12 12 12 12 12 12 12 12 12 12 12 12 12 12 12 12 12 12 12 12 12 12 12 12 12 12 12 12 12 12 12 12 12 12 12 12 12 12 12 12 12 12 12 12 12 12 12 12 12 12 12 12 12 12 12 12 12 12 12 12 12 12 12 12 12 12 12 12 12 12 12 12 12 12 12 12 12 12 12 12 12 12 12 12 12 12 12 12 12 12 12 12 12 12 12 12 12 12 12 12 12 12 12 12 12 12 12 12 12 12 12 12 9 9 9 9 9 9 9 9 9 9 9 9 9 9 9 9 9 9 9 9 9 9 9 9 9 9 9 9 10 10 10 10 10 10 10 10 10 10 10 10 10 10 10 10 10 10 10 10 10 10 10 10 10 10 10 10 10 10 10 10 10 10 10 10 10 10 10 10 10 10 10 10 10 10 10 10 10 10 10 10 10 10 10 10 10 10 10 10 10 10 10 10 10 10 10 10 10 10 10 10 10 10 10 10 10 10 10 10 10 10 10 10 10 10 10 10 10 10 10 10 10 10 10 10 10 10 10 10 10 10 10 10 10 10 10 10 10 10 10 10 10 10 10 10 10 10 10 10 10 10 10 10 10 10 10 10 10 10 10 10 10 10 10 10 10 10 10 10 10 10 10 10 10 10 10 10 10 10 10 10 10 10 10 10 10 10 10 11 11 11 11 11 1 1
staticfield java/lang/ClassLoader nocerts [Ljava/security/cert/Certificate; 0 [Ljava/security/cert/Certificate;
ciInstanceKlass java/lang/System 1 1 369 8 8 8 8 8 8 8 8 8 8 8 8 8 7 1 1 1 1 1 1 1 1 1 1 1 1 1 1 1 1 1 1 1 1 1 1 1 1 1 1 1 1 1 1 1 1 1 1 1 1 1 1 1 1 1 1 1 1 1 1 1 1 1 1 1 1 1 1 1 1 1 1 1 1 1 1 1 1 1 1 1 1 1 1 1 1 1 1 1 1 1 1 1 1 1 1 1 1 1 1 1 1 1 1 1 1 1 1 1 1 1 1 1 1 1 1 1 1 1 1 1 1 1 1 1 1 1 1 1 1 1 1 1 1 1 1 1 1 1 1 1 1 1 1 1 1 1 1 1 1 1 7 7 7 7 7 100 7 100 100 100 100 100 100 100 7 100 100 7 100 100 7 7 7 7 100 100 100 7 100 100 7 7 7 7 1 1 1 1 1 1 1 1 1 1 1 1 1 1 1 1 1 1 1 1 1 1 1 1 1 1 1 1 1 1 1 1 1 1 1 1 1 1 1 1 12 12 12 12 12 12 12 12 12 12 12 12 12 12 12 12 12 12 12 12 12 12 12 12 12 12 12 12 12 12 12 12 12 12 12 12 12 12 12 12 12 12 12 12 12 12 12 12 12 12 12 12 12 12 12 12 12 12 12 12 12 12 12 12 12 12 12 12 9 9 9 9 9 9 9 9 9 9 10 10 10 10 10 10 10 10 10 10 10 10 10 10 10 10 10 10 10 10 10 10 10 10 10 10 10 10 10 10 10 10 10 10 10 10 10 10 10 10 10 10 10 10 10 10 10 10 10 10 10 10 10 10 10 10 10 10 10 10 10 10 10 11 1
staticfield java/lang/System in Ljava/io/InputStream; java/io/BufferedInputStream
staticfield java/lang/System out Ljava/io/PrintStream; org/apache/maven/surefire/api/report/ConsoleOutputCapture$ForwardingPrintStream
staticfield java/lang/System err Ljava/io/PrintStream; org/apache/maven/surefire/api/report/ConsoleOutputCapture$ForwardingPrintStream
instanceKlass org/junit/Test$None
instanceKlass java/lang/Exception
instanceKlass java/lang/Error
ciInstanceKlass java/lang/Throwable 1 1 353 8 8 8 8 8 8 8 8 8 8 8 8 8 8 8 8 8 8 8 7 1 1 1 1 1 1 1 1 1 1 1 1 1 1 1 1 1 1 1 1 1 1 1 1 1 1 1 1 1 1 1 1 1 1 1 1 1 1 1 1 1 1 1 1 1 1 1 1 1 1 1 1 1 1 1 1 1 1 1 1 1 1 1 1 1 1 1 1 1 1 1 1 1 1 1 1 1 1 1 1 1 1 1 1 1 1 1 1 1 1 1 1 1 1 1 1 1 1 1 1 1 1 1 1 1 1 1 1 1 1 1 1 1 1 1 1 1 1 1 1 1 1 1 1 1 1 1 1 1 1 1 1 1 1 1 1 1 1 5 0 100 100 100 100 100 100 100 100 7 100 100 100 100 100 100 7 100 7 100 100 100 100 100 100 100 100 100 7 7 100 100 100 100 100 1 1 1 1 1 1 1 1 1 1 1 1 1 1 1 1 1 1 1 1 1 1 1 1 1 1 1 1 1 1 1 12 12 12 12 12 12 12 12 12 12 12 12 12 12 12 12 12 12 12 12 12 12 12 12 12 12 12 12 12 12 12 12 12 12 12 12 12 12 12 12 12 12 12 12 12 12 12 12 12 12 12 12 12 12 12 12 12 9 9 9 9 9 9 9 9 9 9 9 9 10 10 10 10 10 10 10 10 10 10 10 10 10 10 10 10 10 10 10 10 10 10 10 10 10 10 10 10 10 10 10 10 10 10 10 10 10 10 10 10 10 10 10 10 10 11 11 11 11 11 11 11 11 1 1 1 1 1
staticfield java/lang/Throwable UNASSIGNED_STACK [Ljava/lang/StackTraceElement; 0 [Ljava/lang/StackTraceElement;
staticfield java/lang/Throwable SUPPRESSED_SENTINEL Ljava/util/List; java/util/Collections$UnmodifiableRandomAccessList
staticfield java/lang/Throwable EMPTY_THROWABLE_ARRAY [Ljava/lang/Throwable; 0 [Ljava/lang/Throwable;
staticfield java/lang/Throwable $assertionsDisabled Z 1
instanceKlass java/lang/AssertionError
instanceKlass java/lang/VirtualMachineError
instanceKlass java/lang/LinkageError
instanceKlass java/lang/ThreadDeath
ciInstanceKlass java/lang/Error 1 1 30 1 1 1 1 1 1 1 1 1 1 1 1 5 0 100 7 1 1 12 12 12 12 12 10 10 10 10 10 1
ciInstanceKlass java/lang/ThreadDeath 0 0 18 1 1 1 1 1 1 1 1 1 1 5 0 100 100 12 10 1
instanceKlass java/sql/SQLException
instanceKlass org/junit/runner/manipulation/NoTestsRemainException
instanceKlass org/junit/runners/model/InitializationError
instanceKlass java/lang/CloneNotSupportedException
instanceKlass org/apache/maven/surefire/api/testset/TestSetFailedException
instanceKlass org/apache/maven/surefire/api/stream/AbstractStreamDecoder$MalformedFrameException
instanceKlass org/apache/maven/surefire/api/stream/MalformedChannelException
instanceKlass java/util/concurrent/ExecutionException
instanceKlass java/net/URISyntaxException
instanceKlass java/security/PrivilegedActionException
instanceKlass org/apache/maven/surefire/booter/SurefireExecutionException
instanceKlass java/lang/instrument/IllegalClassFormatException
instanceKlass java/io/IOException
instanceKlass java/lang/InterruptedException
instanceKlass java/lang/ReflectiveOperationException
instanceKlass java/lang/RuntimeException
ciInstanceKlass java/lang/Exception 1 1 30 1 1 1 1 1 1 1 1 1 1 1 1 5 0 100 7 1 1 12 12 12 12 12 10 10 10 10 10 1
instanceKlass java/util/concurrent/RejectedExecutionException
instanceKlass org/h2/message/DbException
instanceKlass org/junit/internal/AssumptionViolatedException
instanceKlass java/lang/invoke/WrongMethodTypeException
instanceKlass org/junit/runner/notification/StoppedByUserException
instanceKlass java/util/NoSuchElementException
instanceKlass java/lang/reflect/UndeclaredThrowableException
instanceKlass org/apache/maven/surefire/api/util/SurefireReflectionException
instanceKlass java/lang/SecurityException
instanceKlass org/jacoco/agent/rt/internal_4742761/asm/tree/UnsupportedClassVersionException
instanceKlass java/lang/IndexOutOfBoundsException
instanceKlass java/lang/TypeNotPresentException
instanceKlass java/lang/UnsupportedOperationException
instanceKlass java/lang/IllegalStateException
instanceKlass java/lang/IllegalArgumentException
instanceKlass java/lang/ArithmeticException
instanceKlass java/lang/NullPointerException
instanceKlass java/lang/IllegalMonitorStateException
instanceKlass java/lang/ArrayStoreException
instanceKlass java/lang/ClassCastException
ciInstanceKlass java/lang/RuntimeException 1 1 30 1 1 1 1 1 1 1 1 1 1 1 1 5 0 7 100 1 1 12 12 12 12 12 10 10 10 10 10 1
ciInstanceKlass java/lang/SecurityManager 0 0 375 8 8 8 8 8 8 8 8 8 8 8 8 8 8 8 8 8 8 8 8 8 8 8 8 8 8 8 8 8 8 8 8 8 8 8 8 100 1 1 1 1 1 1 1 1 1 1 1 1 1 1 1 1 1 1 1 1 1 1 1 1 1 1 1 1 1 1 1 1 1 1 1 1 1 1 1 1 1 1 1 1 1 1 1 1 1 1 1 1 1 1 1 1 1 1 1 1 1 1 1 1 1 1 1 1 1 1 1 1 1 1 1 1 1 1 1 1 1 1 1 1 1 1 1 1 1 1 1 1 1 1 1 1 1 1 1 1 1 1 1 1 1 1 1 1 1 1 1 1 1 1 1 1 1 1 1 1 1 1 1 1 1 1 1 1 1 1 1 1 1 1 1 1 1 1 1 1 1 1 1 1 1 1 1 1 1 1 1 1 1 1 1 1 1 1 1 1 1 1 1 1 100 100 100 100 100 100 100 100 100 100 100 100 100 100 100 100 100 100 100 100 100 100 100 100 100 100 100 100 1 1 1 1 1 1 1 1 1 1 1 1 1 1 1 1 1 1 1 1 1 1 1 1 1 1 1 1 1 1 1 12 12 12 12 12 12 12 12 12 12 12 12 12 12 12 12 12 12 12 12 12 12 12 12 12 12 12 12 12 12 12 12 12 12 12 12 12 12 12 12 12 12 12 12 12 12 12 12 12 12 12 9 9 9 9 9 9 9 9 9 9 9 9 9 9 9 9 9 10 10 10 10 10 10 10 10 10 10 10 10 10 10 10 10 10 10 10 10 10 10 10 10 10 10 10 10 10 10 10 10 10 10 10 10 10 10 10 10 10 10 10 10 10 1
ciInstanceKlass java/security/ProtectionDomain 1 1 272 8 8 8 8 8 8 8 8 8 8 1 1 1 1 1 1 1 1 1 1 1 1 1 1 1 1 1 1 1 1 1 1 1 1 1 1 1 1 1 1 1 1 1 1 1 1 1 1 1 1 1 1 1 1 1 1 1 1 1 1 1 1 1 1 1 1 1 1 1 1 1 1 1 1 1 1 1 1 1 1 1 1 1 1 1 1 1 1 1 1 1 1 1 1 1 1 1 1 1 1 1 1 1 1 1 1 1 1 1 100 100 100 7 100 100 100 100 100 100 100 100 100 7 7 100 7 7 100 7 7 7 100 100 100 7 7 100 1 1 1 1 1 1 1 1 1 1 1 1 1 1 1 1 1 1 1 1 1 1 1 1 1 1 1 1 1 12 12 12 12 12 12 12 12 12 12 12 12 12 12 12 12 12 12 12 12 12 12 12 12 12 12 12 12 12 12 12 12 12 12 12 12 12 12 12 12 12 12 12 12 12 12 12 12 9 9 9 9 9 9 9 9 9 9 9 10 10 10 10 10 10 10 10 10 10 10 10 10 10 10 10 10 10 10 10 10 10 10 10 10 10 10 10 10 10 10 10 10 10 10 10 10 11 11 11 11 11 11 11 1 1
staticfield java/security/ProtectionDomain debug Lsun/security/util/Debug; null
ciInstanceKlass java/security/AccessControlContext 1 1 305 8 8 8 8 8 8 8 8 8 8 8 8 8 7 1 1 1 1 1 1 1 1 1 1 1 1 1 1 1 1 1 1 1 1 1 1 1 1 1 1 1 1 1 1 1 1 1 1 1 1 1 1 1 1 1 1 1 1 1 1 1 1 1 1 1 1 1 1 1 1 1 1 1 1 1 1 1 1 1 1 1 1 1 1 1 1 1 1 1 1 1 1 1 1 1 1 1 1 1 1 1 1 1 1 1 1 1 1 1 1 1 1 1 1 1 1 1 1 1 1 1 1 1 100 100 100 100 7 100 100 100 100 100 7 100 100 7 100 100 7 100 7 100 100 100 100 1 1 1 1 1 1 1 1 1 1 1 1 1 1 1 1 1 1 1 1 1 1 1 1 1 1 1 1 1 1 1 1 1 1 12 12 12 12 12 12 12 12 12 12 12 12 12 12 12 12 12 12 12 12 12 12 12 12 12 12 12 12 12 12 12 12 12 12 12 12 12 12 12 12 12 12 12 12 12 12 12 12 12 12 12 12 12 12 12 12 12 12 9 9 9 9 9 9 9 9 9 9 9 9 9 9 10 10 10 10 10 10 10 10 10 10 10 10 10 10 10 10 10 10 10 10 10 10 10 10 10 10 10 10 10 10 10 10 10 10 10 10 10 10 10 10 10 10 10 10 10 11 11 11 11 11 11 1
instanceKlass java/net/URLClassLoader
ciInstanceKlass java/security/SecureClassLoader 1 1 130 8 8 8 8 1 1 1 1 1 1 1 1 1 1 1 1 1 1 1 1 1 1 1 1 1 1 1 1 1 1 1 1 1 1 1 1 1 1 1 1 1 1 1 1 1 1 1 1 1 1 7 100 100 100 100 7 100 7 7 7 7 7 1 1 1 1 1 1 1 1 1 1 1 1 1 1 1 1 1 1 12 12 12 12 12 12 12 12 12 12 12 12 12 12 12 12 12 12 12 12 12 12 12 9 9 9 10 10 10 10 10 10 10 10 10 10 10 10 10 10 10 10 10 10 10 10 10 10 1
staticfield java/security/SecureClassLoader debug Lsun/security/util/Debug; null
instanceKlass java/lang/InstantiationException
instanceKlass java/lang/IllegalAccessException
instanceKlass java/lang/reflect/InvocationTargetException
instanceKlass java/lang/NoSuchMethodException
instanceKlass java/lang/NoSuchFieldException
instanceKlass java/lang/ClassNotFoundException
ciInstanceKlass java/lang/ReflectiveOperationException 1 1 27 1 1 1 1 1 1 1 1 1 1 1 1 5 0 7 100 1 12 12 12 12 10 10 10 10 1
ciInstanceKlass java/lang/ClassNotFoundException 1 1 32 1 1 1 1 1 1 1 1 1 1 1 1 1 1 1 1 5 0 100 7 100 1 1 1 12 12 12 9 10 10 1
instanceKlass java/lang/IncompatibleClassChangeError
instanceKlass java/lang/BootstrapMethodError
instanceKlass java/lang/NoClassDefFoundError
ciInstanceKlass java/lang/LinkageError 1 1 24 1 1 1 1 1 1 1 1 1 1 1 5 0 7 100 1 12 12 12 10 10 10 1
ciInstanceKlass java/lang/NoClassDefFoundError 0 0 21 1 1 1 1 1 1 1 1 1 1 1 5 0 100 100 12 12 10 10 1
ciInstanceKlass java/lang/ClassCastException 1 1 21 1 1 1 1 1 1 1 1 1 1 1 5 0 100 100 12 12 10 10 1
ciInstanceKlass java/lang/ArrayStoreException 1 1 21 1 1 1 1 1 1 1 1 1 1 1 5 0 100 100 12 12 10 10 1
instanceKlass java/lang/UnknownError
instanceKlass java/lang/InternalError
instanceKlass java/lang/StackOverflowError
instanceKlass java/lang/OutOfMemoryError
ciInstanceKlass java/lang/VirtualMachineError 1 1 27 1 1 1 1 1 1 1 1 1 1 1 1 5 0 7 100 1 12 12 12 12 10 10 10 10 1
ciInstanceKlass java/lang/OutOfMemoryError 1 1 21 1 1 1 1 1 1 1 1 1 1 1 5 0 100 7 12 12 10 10 1
ciInstanceKlass java/lang/StackOverflowError 1 1 21 1 1 1 1 1 1 1 1 1 1 1 5 0 100 100 12 12 10 10 1
ciInstanceKlass java/lang/IllegalMonitorStateException 1 1 21 1 1 1 1 1 1 1 1 1 1 1 5 0 100 100 12 12 10 10 1
instanceKlass java/lang/ref/PhantomReference
instanceKlass java/lang/ref/FinalReference
instanceKlass java/lang/ref/WeakReference
instanceKlass java/lang/ref/SoftReference
ciInstanceKlass java/lang/ref/Reference 1 1 134 8 1 1 1 1 1 1 1 1 1 1 1 1 1 1 1 1 1 1 1 1 1 1 1 1 1 1 1 1 1 1 1 1 1 1 1 1 1 1 1 1 1 1 1 1 1 1 1 1 1 1 1 1 1 1 1 100 7 100 7 7 100 7 7 7 7 7 100 7 1 1 1 1 1 1 1 1 1 1 1 1 1 1 1 1 12 12 12 12 12 12 12 12 12 12 12 12 12 12 12 12 12 12 12 12 12 12 9 9 9 9 9 9 9 10 10 10 10 10 10 10 10 10 10 10 10 10 10 10 10 1 1 1
instanceKlass java/lang/invoke/LambdaFormEditor$Transform
instanceKlass sun/util/locale/provider/LocaleResources$ResourceReference
instanceKlass java/util/ResourceBundle$BundleReference
instanceKlass sun/util/locale/LocaleObjectCache$CacheEntry
ciInstanceKlass java/lang/ref/SoftReference 1 1 35 1 1 1 1 1 1 1 1 1 1 1 1 1 1 1 1 100 7 7 1 1 1 1 12 12 12 12 12 9 9 10 10 10 1
instanceKlass java/lang/invoke/MethodType$ConcurrentWeakInternSet$WeakEntry
instanceKlass java/io/ObjectStreamClass$FieldReflectorKey
instanceKlass java/io/ObjectStreamClass$WeakClassKey
instanceKlass java/lang/reflect/WeakCache$CacheValue
instanceKlass java/lang/reflect/Proxy$Key1
instanceKlass java/lang/reflect/WeakCache$CacheKey
instanceKlass java/util/ResourceBundle$LoaderReference
instanceKlass java/lang/ClassValue$Entry
instanceKlass sun/nio/ch/SharedFileLockTable$FileLockReference
instanceKlass java/util/WeakHashMap$Entry
instanceKlass java/lang/ThreadLocal$ThreadLocalMap$Entry
ciInstanceKlass java/lang/ref/WeakReference 1 1 20 1 1 1 1 1 1 1 1 7 100 1 1 1 1 12 12 10 10 1
instanceKlass java/lang/ref/Finalizer
ciInstanceKlass java/lang/ref/FinalReference 1 1 16 1 1 1 1 1 1 1 100 7 1 1 1 12 10 1
instanceKlass sun/misc/Cleaner
ciInstanceKlass java/lang/ref/PhantomReference 1 1 19 1 1 1 1 1 1 1 1 1 1 100 100 1 1 1 12 10 1
ciInstanceKlass sun/misc/Cleaner 1 1 74 1 1 1 1 1 1 1 1 1 1 1 1 1 1 1 1 1 1 1 1 1 1 1 1 1 1 1 100 100 100 7 100 7 100 1 1 1 1 1 1 1 1 1 1 1 1 12 12 12 12 12 12 12 12 12 12 12 12 12 9 9 9 9 9 10 10 10 10 10 10 10 11 1
staticfield sun/misc/Cleaner dummyQueue Ljava/lang/ref/ReferenceQueue; java/lang/ref/ReferenceQueue
ciInstanceKlass java/lang/ref/Finalizer 1 1 150 1 1 1 1 1 1 1 1 1 1 1 1 1 1 1 1 1 1 1 1 1 1 1 1 1 1 1 1 1 1 1 1 1 1 1 1 1 1 1 1 1 1 1 1 1 1 1 1 1 1 1 1 1 1 1 1 1 1 1 1 100 7 7 7 100 7 7 100 100 100 7 7 100 100 100 1 1 1 1 1 1 1 1 1 1 1 1 1 1 1 1 1 12 12 12 12 12 12 12 12 12 12 12 12 12 12 12 12 12 12 12 12 12 12 12 12 12 12 9 9 9 9 9 10 10 10 10 10 10 10 10 10 10 10 10 10 10 10 10 10 10 10 10 10 10 10 11 1 1
staticfield java/lang/ref/Finalizer lock Ljava/lang/Object; java/lang/Object
instanceKlass java/lang/ref/ReferenceQueue$Null
ciInstanceKlass java/lang/ref/ReferenceQueue 1 1 130 8 7 1 1 1 1 1 1 1 1 1 1 1 1 1 1 1 1 1 1 1 1 1 1 1 1 1 1 1 1 1 1 1 1 1 1 1 1 1 1 1 1 1 1 1 1 1 1 1 1 1 1 1 1 1 5 0 100 7 100 100 7 100 100 100 100 100 7 7 100 100 1 1 1 1 1 1 1 1 1 1 1 1 1 1 1 1 12 12 12 12 12 12 12 12 12 12 12 12 12 12 12 12 12 12 12 9 9 9 9 9 9 9 9 10 10 10 10 10 10 10 10 10 10 10 10 11 1 1
staticfield java/lang/ref/ReferenceQueue $assertionsDisabled Z 1
instanceKlass org/jacoco/agent/rt/internal_4742761/Agent$1
instanceKlass java/lang/ref/Finalizer$FinalizerThread
instanceKlass java/lang/ref/Reference$ReferenceHandler
ciInstanceKlass java/lang/Thread 1 1 539 3 3 8 8 8 8 8 8 8 8 8 8 8 8 7 1 1 1 1 1 1 1 1 1 1 1 1 1 1 1 1 1 1 1 1 1 1 1 1 1 1 1 1 1 1 1 1 1 1 1 1 1 1 1 1 1 1 1 1 1 1 1 1 1 1 1 1 1 1 1 1 1 1 1 1 1 1 1 1 1 1 1 1 1 1 1 1 1 1 1 1 1 1 1 1 1 1 1 1 1 1 1 1 1 1 1 1 1 1 1 1 1 1 1 1 1 1 1 1 1 1 1 1 1 1 1 1 1 1 1 1 1 1 1 1 1 1 1 1 1 1 1 1 1 1 1 1 1 1 1 1 1 1 1 1 1 1 1 1 1 1 1 1 1 1 1 1 1 1 1 1 1 1 1 1 1 1 1 1 1 1 1 1 1 1 1 1 1 1 1 1 1 1 1 1 1 1 1 1 1 1 1 1 1 1 1 1 1 1 1 1 1 1 1 1 1 1 1 1 1 1 1 1 1 3 3 3 100 100 100 100 100 100 100 100 100 100 100 100 7 7 7 100 7 100 7 7 100 100 100 100 100 100 7 100 100 100 100 100 100 100 7 100 100 100 100 100 100 100 1 1 1 1 1 1 1 1 1 1 1 1 1 1 1 1 1 1 1 1 1 1 1 1 1 1 1 1 1 1 1 1 1 1 1 1 1 1 1 1 1 1 1 1 1 1 1 1 1 1 1 1 1 1 1 1 1 1 12 12 12 12 12 12 12 12 12 12 12 12 12 12 12 12 12 12 12 12 12 12 12 12 12 12 12 12 12 12 12 12 12 12 12 12 12 12 12 12 12 12 12 12 12 12 12 12 12 12 12 12 12 12 12 12 12 12 12 12 12 12 12 12 12 12 12 12 12 12 12 12 12 12 12 12 12 12 12 12 12 12 12 12 12 12 12 12 12 12 12 12 12 12 12 12 9 9 9 9 9 9 9 9 9 9 9 9 9 9 9 9 9 9 9 9 9 9 9 9 9 9 10 10 10 10 10 10 10 10 10 10 10 10 10 10 10 10 10 10 10 10 10 10 10 10 10 10 10 10 10 10 10 10 10 10 10 10 10 10 10 10 10 10 10 10 10 10 10 10 10 10 10 10 10 10 10 10 10 10 10 10 10 10 10 10 10 10 10 10 10 10 10 10 10 10 10 10 10 11 11 11 11 11 11 11 1 1 1 1 1
staticfield java/lang/Thread EMPTY_STACK_TRACE [Ljava/lang/StackTraceElement; 0 [Ljava/lang/StackTraceElement;
staticfield java/lang/Thread SUBCLASS_IMPLEMENTATION_PERMISSION Ljava/lang/RuntimePermission; java/lang/RuntimePermission
ciInstanceKlass java/lang/ThreadGroup 1 1 268 8 8 8 8 8 8 8 1 1 1 1 1 1 1 1 1 1 1 1 1 1 1 1 1 1 1 1 1 1 1 1 1 1 1 1 1 1 1 1 1 1 1 1 1 1 1 1 1 1 1 1 1 1 1 1 1 1 1 1 1 1 1 1 1 1 1 1 1 1 1 1 1 1 1 1 1 1 1 1 1 1 1 1 1 1 1 1 1 1 1 1 1 1 1 1 1 1 1 1 1 1 1 1 1 1 1 1 1 100 100 100 100 100 100 7 100 100 7 7 100 100 7 100 100 100 1 1 1 1 1 1 1 1 1 1 1 1 1 1 1 1 1 1 1 1 1 1 1 1 1 1 1 12 12 12 12 12 12 12 12 12 12 12 12 12 12 12 12 12 12 12 12 12 12 12 12 12 12 12 12 12 12 12 12 12 12 12 12 12 12 12 12 12 12 12 12 12 12 12 12 12 12 12 12 12 9 9 9 9 9 9 9 9 9 9 9 9 9 10 10 10 10 10 10 10 10 10 10 10 10 10 10 10 10 10 10 10 10 10 10 10 10 10 10 10 10 10 10 10 10 10 10 10 10 10 10 10 10 10 10 10 10 10 10 11 1 1
ciInstanceKlass java/util/Map 1 1 132 1 1 1 1 1 1 1 1 1 1 1 1 1 1 1 1 1 1 1 1 1 1 1 1 1 1 1 1 1 1 1 1 1 1 1 1 1 1 1 1 1 1 1 1 1 1 1 1 1 1 1 1 1 1 1 1 1 1 1 1 1 100 100 100 100 100 100 100 100 100 100 100 1 1 1 1 1 1 1 1 1 1 1 1 1 1 1 1 1 1 1 1 1 1 1 1 12 12 12 12 12 12 12 12 12 12 12 12 12 12 12 12 12 10 10 10 11 11 11 11 11 11 11 11 11 11 11 11 11 11 1
instanceKlass java/util/Hashtable
ciInstanceKlass java/util/Dictionary 1 1 31 1 1 1 1 1 1 1 1 1 1 1 1 1 1 1 1 1 1 1 7 100 1 1 1 1 1 1 12 10 1
instanceKlass java/util/Properties
ciInstanceKlass java/util/Hashtable 1 1 416 3 3 4 4 8 8 8 8 8 8 100 1 1 1 1 1 1 1 1 1 1 1 1 1 1 1 1 1 1 1 1 1 1 1 1 1 1 1 1 1 1 1 1 1 1 1 1 1 1 1 1 1 1 1 1 1 1 1 1 1 1 1 1 1 1 1 1 1 1 1 1 1 1 1 1 1 1 1 1 1 1 1 1 1 1 1 1 1 1 1 1 1 1 1 1 1 1 1 1 1 1 1 1 1 1 1 1 1 1 1 1 1 1 1 1 1 1 1 1 1 1 1 1 1 1 1 1 1 1 1 1 1 1 1 1 1 1 1 1 1 1 1 1 1 1 1 1 1 1 1 1 1 1 1 1 1 1 1 1 1 1 1 1 1 1 1 1 3 3 3 5 0 100 100 100 100 100 100 100 100 100 100 7 100 100 7 100 7 100 100 100 7 100 7 7 100 7 7 7 7 100 7 7 7 100 7 100 100 100 100 100 1 1 1 1 1 1 1 1 1 1 1 1 1 1 1 1 1 1 1 1 1 1 1 1 1 1 1 1 1 1 1 1 1 1 1 1 1 1 1 1 1 1 1 1 1 1 1 1 1 1 1 1 1 1 1 1 12 12 12 12 12 12 12 12 12 12 12 12 12 12 12 12 12 12 12 12 12 12 12 12 12 12 12 12 12 12 12 12 12 12 12 12 12 12 12 12 12 12 12 12 12 12 12 12 12 12 12 12 12 12 12 12 12 12 12 12 12 12 12 12 12 9 9 9 9 9 9 9 9 9 9 9 9 10 10 10 10 10 10 10 10 10 10 10 10 10 10 10 10 10 10 10 10 10 10 10 10 10 10 10 10 10 10 10 10 10 10 10 10 10 10 10 10 10 10 10 10 10 10 10 10 10 10 10 10 10 11 11 11 11 11 11 11 11 11 11 11 11 11 1 1 1 1 1
instanceKlass org/h2/util/SortedProperties
ciInstanceKlass java/util/Properties 1 1 263 3 8 8 8 8 8 8 8 1 1 1 1 1 1 1 1 1 1 1 1 1 1 1 1 1 1 1 1 1 1 1 1 1 1 1 1 1 1 1 1 1 1 1 1 1 1 1 1 1 1 1 1 1 1 1 1 1 1 1 1 1 1 1 1 1 1 1 1 1 1 1 1 1 1 1 1 1 1 1 1 1 1 1 1 1 1 1 1 1 1 1 1 1 1 1 1 1 1 1 1 1 1 1 1 1 5 0 100 100 100 100 100 100 100 100 100 100 100 7 100 100 100 100 7 7 100 100 7 7 100 1 1 1 1 1 1 1 1 1 1 1 1 1 1 1 1 1 1 1 1 1 1 1 1 1 1 1 1 1 1 1 12 12 12 12 12 12 12 12 12 12 12 12 12 12 12 12 12 12 12 12 12 12 12 12 12 12 12 12 12 12 12 12 12 12 12 12 12 12 12 12 12 12 12 12 12 9 9 9 10 10 10 10 10 10 10 10 10 10 10 10 10 10 10 10 10 10 10 10 10 10 10 10 10 10 10 10 10 10 10 10 10 10 10 10 10 10 10 10 10 10 10 10 10 10 10 10 11 11 1 1 1
staticfield java/util/Properties hexDigit [C 16
instanceKlass java/lang/reflect/Executable
instanceKlass java/lang/reflect/Field
ciInstanceKlass java/lang/reflect/AccessibleObject 1 1 144 8 8 8 7 1 1 1 1 1 1 1 1 1 1 1 1 1 1 1 1 1 1 1 1 1 1 1 1 1 1 1 1 1 1 1 1 1 1 1 1 1 1 1 1 1 1 1 1 1 1 1 1 1 1 1 1 1 1 1 1 1 1 1 100 100 100 7 100 100 7 7 100 7 100 7 7 7 7 7 1 1 1 1 1 1 1 1 1 1 1 1 1 1 1 1 1 1 1 1 12 12 12 12 12 12 12 12 12 12 12 12 12 12 12 12 12 12 12 12 9 9 9 9 10 10 10 10 10 10 10 10 10 10 10 10 10 10 10 10 10 11 1 1
staticfield java/lang/reflect/AccessibleObject ACCESS_PERMISSION Ljava/security/Permission; java/lang/reflect/ReflectPermission
staticfield java/lang/reflect/AccessibleObject reflectionFactory Lsun/reflect/ReflectionFactory; sun/reflect/ReflectionFactory
ciInstanceKlass java/lang/reflect/Field 1 1 362 8 8 8 8 1 1 1 1 1 1 1 1 1 1 1 1 1 1 1 1 1 1 1 1 1 1 1 1 1 1 1 1 1 1 1 1 1 1 1 1 1 1 1 1 1 1 1 1 1 1 1 1 1 1 1 1 1 1 1 1 1 1 1 1 1 1 1 1 1 1 1 1 1 1 1 1 1 1 1 1 1 1 1 1 1 1 1 1 1 1 1 1 1 1 1 1 1 1 1 1 1 1 1 1 1 1 1 1 1 1 1 1 1 1 1 1 1 1 1 1 1 1 1 1 1 1 1 1 1 1 1 1 100 100 100 100 100 100 7 7 100 100 100 100 100 7 7 7 7 7 7 100 100 100 100 100 100 100 1 1 1 1 1 1 1 1 1 1 1 1 1 1 1 1 1 1 1 1 1 1 1 1 1 1 1 1 1 1 1 1 1 1 1 1 1 1 1 1 1 1 1 1 1 1 1 1 1 1 1 1 1 1 12 12 12 12 12 12 12 12 12 12 12 12 12 12 12 12 12 12 12 12 12 12 12 12 12 12 12 12 12 12 12 12 12 12 12 12 12 12 12 12 12 12 12 12 12 12 12 12 12 12 12 12 12 12 12 12 12 12 12 12 12 12 12 12 12 12 12 12 12 12 12 9 9 9 9 9 9 9 9 9 9 9 9 9 9 9 10 10 10 10 10 10 10 10 10 10 10 10 10 10 10 10 10 10 10 10 10 10 10 10 10 10 10 10 10 10 10 10 10 10 10 10 10 10 10 10 11 11 11 11 11 11 11 11 11 11 11 11 11 11 11 11 11 11 11 11 11 1 1
ciInstanceKlass java/lang/reflect/Parameter 0 0 210 8 8 8 8 1 1 1 1 1 1 1 1 1 1 1 1 1 1 1 1 1 1 1 1 1 1 1 1 1 1 1 1 1 1 1 1 1 1 1 1 1 1 1 1 1 1 1 1 1 1 1 1 1 1 1 1 1 1 1 1 1 1 1 1 1 1 1 1 1 1 1 1 1 1 1 1 1 1 1 1 1 1 1 100 100 100 100 100 100 100 100 100 100 100 100 100 100 100 1 1 1 1 1 1 1 1 1 1 1 1 1 1 1 1 1 1 1 1 1 1 1 1 1 1 1 1 12 12 12 12 12 12 12 12 12 12 12 12 12 12 12 12 12 12 12 12 12 12 12 12 12 12 12 12 12 12 12 12 12 12 12 12 12 12 12 9 9 9 9 9 9 9 10 10 10 10 10 10 10 10 10 10 10 10 10 10 10 10 10 10 10 10 10 10 10 10 10 10 10 10 10 10 10 10 11 11 11 11 1
instanceKlass java/lang/reflect/Constructor
instanceKlass java/lang/reflect/Method
ciInstanceKlass java/lang/reflect/Executable 1 1 378 3 8 8 8 8 8 8 8 8 8 8 8 8 8 8 1 1 1 1 1 1 1 1 1 1 1 1 1 1 1 1 1 1 1 1 1 1 1 1 1 1 1 1 1 1 1 1 1 1 1 1 1 1 1 1 1 1 1 1 1 1 1 1 1 1 1 1 1 1 1 1 1 1 1 1 1 1 1 1 1 1 1 1 1 1 1 1 1 1 1 1 1 1 1 1 1 1 1 1 1 1 1 1 1 1 1 1 1 1 1 1 1 1 1 1 1 1 1 1 1 1 1 1 1 1 1 1 1 1 1 1 1 1 1 1 1 1 1 1 1 1 1 1 1 1 1 1 1 1 1 1 100 100 100 100 100 100 7 100 100 100 100 7 7 7 7 100 100 100 7 100 100 100 7 7 7 7 7 100 100 100 100 100 1 1 1 1 1 1 1 1 1 1 1 1 1 1 1 1 1 1 1 1 1 1 1 1 1 1 1 1 1 1 1 1 1 1 1 1 1 1 1 1 1 1 1 1 1 1 1 1 1 1 1 12 12 12 12 12 12 12 12 12 12 12 12 12 12 12 12 12 12 12 12 12 12 12 12 12 12 12 12 12 12 12 12 12 12 12 12 12 12 12 12 12 12 12 12 12 12 12 12 12 12 12 12 12 12 12 12 12 12 12 12 12 12 12 12 12 12 12 12 9 9 9 9 9 9 9 10 10 10 10 10 10 10 10 10 10 10 10 10 10 10 10 10 10 10 10 10 10 10 10 10 10 10 10 10 10 10 10 10 10 10 10 10 10 10 10 10 10 10 10 10 10 10 10 10 10 10 10 10 10 10 10 10 10 10 10 10 10 10 11 11 11 1 1
ciInstanceKlass java/lang/reflect/Method 1 1 346 8 8 8 1 1 1 1 1 1 1 1 1 1 1 1 1 1 1 1 1 1 1 1 1 1 1 1 1 1 1 1 1 1 1 1 1 1 1 1 1 1 1 1 1 1 1 1 1 1 1 1 1 1 1 1 1 1 1 1 1 1 1 1 1 1 1 1 1 1 1 1 1 1 1 1 1 1 1 1 1 1 1 1 1 1 1 1 1 1 1 1 1 1 1 1 1 1 1 1 1 1 1 1 1 1 1 1 1 1 1 1 1 1 1 1 1 1 1 1 1 1 1 1 1 1 1 1 1 1 1 1 7 100 7 100 100 100 7 7 100 7 100 7 7 100 100 7 7 7 7 7 7 7 7 7 100 100 100 1 1 1 1 1 1 1 1 1 1 1 1 1 1 1 1 1 1 1 1 1 1 1 1 1 1 1 1 1 1 1 1 1 1 1 1 1 1 1 1 1 1 1 1 1 1 1 1 12 12 12 12 12 12 12 12 12 12 12 12 12 12 12 12 12 12 12 12 12 12 12 12 12 12 12 12 12 12 12 12 12 12 12 12 12 12 12 12 12 12 12 12 12 12 12 12 12 12 12 12 12 12 12 12 12 12 12 12 12 12 12 12 12 12 12 9 9 9 9 9 9 9 9 9 9 9 9 9 9 9 9 10 10 10 10 10 10 10 10 10 10 10 10 10 10 10 10 10 10 10 10 10 10 10 10 10 10 10 10 10 10 10 10 10 10 10 10 10 10 10 10 10 10 10 10 10 10 10 10 10 10 10 10 11 11 11 1
ciInstanceKlass java/lang/reflect/Constructor 1 1 330 8 8 8 1 1 1 1 1 1 1 1 1 1 1 1 1 1 1 1 1 1 1 1 1 1 1 1 1 1 1 1 1 1 1 1 1 1 1 1 1 1 1 1 1 1 1 1 1 1 1 1 1 1 1 1 1 1 1 1 1 1 1 1 1 1 1 1 1 1 1 1 1 1 1 1 1 1 1 1 1 1 1 1 1 1 1 1 1 1 1 1 1 1 1 1 1 1 1 1 1 1 1 1 1 1 1 1 1 1 1 1 1 1 1 1 1 1 1 1 1 1 1 1 1 1 1 1 1 1 7 100 7 100 100 100 100 100 100 7 7 100 100 100 100 100 7 7 7 100 100 100 100 100 100 1 1 1 1 1 1 1 1 1 1 1 1 1 1 1 1 1 1 1 1 1 1 1 1 1 1 1 1 1 1 1 1 1 1 1 1 1 1 1 1 1 1 1 1 1 1 1 1 12 12 12 12 12 12 12 12 12 12 12 12 12 12 12 12 12 12 12 12 12 12 12 12 12 12 12 12 12 12 12 12 12 12 12 12 12 12 12 12 12 12 12 12 12 12 12 12 12 12 12 12 12 12 12 12 12 12 12 12 12 12 9 9 9 9 9 9 9 9 9 9 9 9 9 9 10 10 10 10 10 10 10 10 10 10 10 10 10 10 10 10 10 10 10 10 10 10 10 10 10 10 10 10 10 10 10 10 10 10 10 10 10 10 10 10 10 10 10 10 10 10 10 11 11 1 1
instanceKlass sun/reflect/FieldAccessorImpl
instanceKlass sun/reflect/ConstructorAccessorImpl
instanceKlass sun/reflect/MethodAccessorImpl
ciInstanceKlass sun/reflect/MagicAccessorImpl 1 1 13 1 1 1 1 1 1 1 7 100 12 10 1
instanceKlass sun/reflect/DelegatingMethodAccessorImpl
instanceKlass sun/reflect/NativeMethodAccessorImpl
ciInstanceKlass sun/reflect/MethodAccessorImpl 1 1 22 1 1 1 1 1 1 1 1 1 1 1 1 1 100 100 7 100 100 12 10 1
instanceKlass sun/reflect/GeneratedConstructorAccessor1
instanceKlass sun/reflect/BootstrapConstructorAccessorImpl
instanceKlass sun/reflect/SerializationConstructorAccessorImpl
instanceKlass sun/reflect/DelegatingConstructorAccessorImpl
instanceKlass sun/reflect/NativeConstructorAccessorImpl
ciInstanceKlass sun/reflect/ConstructorAccessorImpl 1 1 24 1 1 1 1 1 1 1 1 1 1 1 1 1 1 100 100 100 100 100 7 12 10 1
ciInstanceKlass sun/reflect/DelegatingClassLoader 1 1 13 1 1 1 1 1 1 1 7 100 1 12 10
ciInstanceKlass sun/reflect/ConstantPool 1 1 106 8 7 1 1 1 1 1 1 1 1 1 1 1 1 1 1 1 1 1 1 1 1 1 1 1 1 1 1 1 1 1 1 1 1 1 1 1 1 1 1 1 1 1 1 1 1 1 1 1 1 100 7 7 1 1 1 1 1 1 1 1 1 1 1 1 1 1 1 1 1 12 12 12 12 12 12 12 12 12 12 12 12 12 12 12 12 12 9 10 10 10 10 10 10 10 10 10 10 10 10 10 10 10 10 1
instanceKlass sun/reflect/UnsafeFieldAccessorImpl
ciInstanceKlass sun/reflect/FieldAccessorImpl 1 1 56 1 1 1 1 1 1 1 1 1 1 1 1 1 1 1 1 1 1 1 1 1 1 1 1 1 1 1 1 1 1 1 1 1 1 100 100 100 100 7 1 1 1 1 1 1 1 1 1 1 1 1 1 12 10 1
instanceKlass sun/reflect/UnsafeStaticFieldAccessorImpl
ciInstanceKlass sun/reflect/UnsafeFieldAccessorImpl 1 1 230 8 8 8 8 8 8 8 8 8 8 8 8 8 8 8 8 8 8 8 8 8 8 1 1 1 1 1 1 1 1 1 1 1 1 1 1 1 1 1 1 1 1 1 1 1 1 1 1 1 1 1 1 1 1 1 1 1 1 1 1 1 1 1 1 1 1 1 1 1 1 1 1 1 1 1 1 1 1 1 1 1 1 1 1 1 1 1 1 1 1 1 1 1 1 1 1 1 1 1 1 1 1 1 1 1 1 1 1 1 1 1 1 1 1 1 1 1 1 1 1 100 100 100 100 100 100 100 100 100 100 100 100 100 100 7 7 7 7 7 1 1 1 1 1 1 1 1 1 1 1 1 1 1 1 1 1 1 12 12 12 12 12 12 12 12 12 12 12 12 12 12 12 12 12 12 12 12 12 12 12 12 12 12 12 12 12 12 12 12 12 12 9 9 9 9 10 10 10 10 10 10 10 10 10 10 10 10 10 10 10 10 10 10 10 10 10 10 10 10 10 10 10 10 10 10 10 10 10 1
staticfield sun/reflect/UnsafeFieldAccessorImpl unsafe Lsun/misc/Unsafe; sun/misc/Unsafe
instanceKlass sun/reflect/UnsafeQualifiedStaticFieldAccessorImpl
instanceKlass sun/reflect/UnsafeStaticObjectFieldAccessorImpl
ciInstanceKlass sun/reflect/UnsafeStaticFieldAccessorImpl 1 1 38 8 7 1 1 1 1 1 1 1 1 1 1 1 1 1 1 1 1 7 7 7 7 1 1 1 1 12 12 12 12 12 9 9 10 10 10 1
ciInstanceKlass sun/reflect/CallerSensitive 0 0 17 1 1 1 1 1 1 1 1 100 100 100 1 1 1 1 1
instanceKlass java/lang/invoke/DelegatingMethodHandle
instanceKlass java/lang/invoke/BoundMethodHandle
instanceKlass java/lang/invoke/DirectMethodHandle
ciInstanceKlass java/lang/invoke/MethodHandle 1 1 438 8 8 8 8 8 8 8 8 8 8 8 8 8 7 1 1 1 1 1 1 1 1 1 1 1 1 1 1 1 1 1 1 1 1 1 1 1 1 1 1 1 1 1 1 1 1 1 1 1 1 1 1 1 1 1 1 1 1 1 1 1 1 1 1 1 1 1 1 1 1 1 1 1 1 1 1 1 1 1 1 1 1 1 1 1 1 1 1 1 1 1 1 1 1 1 1 1 1 1 1 1 1 1 1 1 1 1 1 1 1 1 1 1 1 1 1 1 1 1 1 1 1 1 1 1 1 1 1 1 1 1 1 1 1 1 1 1 1 1 1 1 1 1 1 1 1 1 1 1 1 1 1 1 1 1 1 1 1 1 1 1 1 1 1 1 1 1 1 1 1 1 100 7 100 100 100 100 7 100 100 100 7 100 100 7 7 7 100 7 7 7 7 100 100 100 7 1 1 1 1 1 1 1 1 1 1 1 1 1 1 1 1 1 1 1 1 1 1 1 1 1 1 1 1 1 1 1 1 1 1 1 1 1 1 1 1 1 1 1 1 1 1 1 1 1 1 1 1 1 1 1 1 1 1 1 1 1 1 1 1 1 1 1 12 12 12 12 12 12 12 12 12 12 12 12 12 12 12 12 12 12 12 12 12 12 12 12 12 12 12 12 12 12 12 12 12 12 12 12 12 12 12 12 12 12 12 12 12 12 12 12 12 12 12 12 12 12 12 12 12 12 12 12 12 12 12 12 12 12 12 12 12 12 12 12 12 12 12 12 12 12 12 12 12 12 12 9 9 9 9 9 9 9 9 9 9 9 9 10 10 10 10 10 10 10 10 10 10 10 10 10 10 10 10 10 10 10 10 10 10 10 10 10 10 10 10 10 10 10 10 10 10 10 10 10 10 10 10 10 10 10 10 10 10 10 10 10 10 10 10 10 10 10 10 10 10 10 10 10 10 10 10 10 10 10 10 10 10 10 10 10 10 10 11 1 1 1
staticfield java/lang/invoke/MethodHandle FORM_OFFSET J 20
staticfield java/lang/invoke/MethodHandle $assertionsDisabled Z 1
instanceKlass java/lang/invoke/DirectMethodHandle$Special
instanceKlass java/lang/invoke/DirectMethodHandle$Accessor
instanceKlass java/lang/invoke/DirectMethodHandle$Interface
ciInstanceKlass java/lang/invoke/DirectMethodHandle 1 1 701 8 8 8 8 8 8 8 8 8 8 8 8 8 8 8 8 8 8 8 8 8 7 7 7 7 7 7 7 7 7 7 7 1 1 1 1 1 1 1 1 1 1 1 1 1 1 1 1 1 1 1 1 1 1 1 1 1 1 1 1 1 1 1 1 1 1 1 1 1 1 1 1 1 1 1 1 1 1 1 1 1 1 1 1 1 1 1 1 1 1 1 1 1 1 1 1 1 1 1 1 1 1 1 1 1 1 1 1 1 1 1 1 1 1 1 1 1 1 1 1 1 1 1 1 1 1 1 1 1 1 1 1 1 1 1 1 1 1 1 1 1 1 1 1 1 1 1 1 1 1 1 1 1 1 1 1 1 1 1 1 1 1 1 1 1 1 1 1 1 1 1 1 1 1 1 1 1 1 1 1 1 1 1 1 1 1 1 1 1 1 1 1 1 1 1 1 1 1 1 1 1 1 1 1 1 1 1 1 1 1 1 1 1 1 1 1 1 1 1 1 1 1 1 1 1 1 1 1 1 1 1 1 1 1 1 1 1 1 1 1 1 1 1 1 1 1 1 1 1 1 1 1 1 1 1 1 1 1 1 1 1 1 1 100 100 7 7 7 100 7 100 7 100 100 100 7 100 7 100 100 100 7 7 100 7 7 100 7 7 100 7 7 7 100 100 100 7 7 7 7 1 1 1 1 1 1 1 1 1 1 1 1 1 1 1 1 1 1 1 1 1 1 1 1 1 1 1 1 1 1 1 1 1 1 1 1 1 1 1 1 1 1 1 1 1 1 1 1 1 1 1 1 1 1 1 1 1 1 1 1 1 1 1 1 1 1 1 1 1 1 1 1 1 1 1 1 1 1 1 12 12 12 12 12 12 12 12 12 12 12 12 12 12 12 12 12 12 12 12 12 12 12 12 12 12 12 12 12 12 12 12 12 12 12 12 12 12 12 12 12 12 12 12 12 12 12 12 12 12 12 12 12 12 12 12 12 12 12 12 12 12 12 12 12 12 12 12 12 12 12 12 12 12 12 12 12 12 12 12 12 12 12 12 12 12 12 12 12 12 12 12 12 12 12 12 12 12 12 12 12 12 12 12 12 12 12 12 12 12 12 12 12 12 12 12 12 12 12 12 12 12 12 12 12 12 12 12 12 12 12 12 12 12 12 12 12 12 12 12 12 12 12 12 12 12 12 12 12 12 12 12 9 9 9 9 9 9 9 9 9 9 9 9 9 9 9 9 9 9 9 9 9 9 9 9 9 9 9 9 9 9 9 9 9 9 9 9 10 10 10 10 10 10 10 10 10 10 10 10 10 10 10 10 10 10 10 10 10 10 10 10 10 10 10 10 10 10 10 10 10 10 10 10 10 10 10 10 10 10 10 10 10 10 10 10 10 10 10 10 10 10 10 10 10 10 10 10 10 10 10 10 10 10 10 10 10 10 10 10 10 10 10 10 10 10 10 10 10 10 10 10 10 10 10 10 10 10 10 10 10 10 10 10 10 10 10 10 10 10 10 10 10 10 10 10 10 10 10 10 10 10 10 10 10 10 10 10 10 10 10 1 1 1 1 1 1 1 1 1 1
staticfield java/lang/invoke/DirectMethodHandle IMPL_NAMES Ljava/lang/invoke/MemberName$Factory; java/lang/invoke/MemberName$Factory
staticfield java/lang/invoke/DirectMethodHandle ACCESSOR_FORMS [Ljava/lang/invoke/LambdaForm; 132 [Ljava/lang/invoke/LambdaForm;
staticfield java/lang/invoke/DirectMethodHandle $assertionsDisabled Z 1
ciInstanceKlass java/lang/invoke/MemberName 1 1 642 3 3 3 3 3 3 3 3 3 3 3 8 8 8 8 8 8 8 8 8 8 8 8 8 8 8 8 8 8 8 8 8 8 8 8 8 8 8 8 8 8 8 7 7 7 100 1 1 1 1 1 1 1 1 1 1 1 1 1 1 1 1 1 1 1 1 1 1 1 1 1 1 1 1 1 1 1 1 1 1 1 1 1 1 1 1 1 1 1 1 1 1 1 1 1 1 1 1 1 1 1 1 1 1 1 1 1 1 1 1 1 1 1 1 1 1 1 1 1 1 1 1 1 1 1 1 1 1 1 1 1 1 1 1 1 1 1 1 1 1 1 1 1 1 1 1 1 1 1 1 1 1 1 1 1 1 1 1 1 1 1 1 1 1 1 1 1 1 1 1 1 1 1 1 1 1 1 1 1 1 1 1 1 1 1 1 1 1 1 1 1 1 1 1 1 1 1 1 1 1 1 1 1 1 1 1 1 1 1 1 1 1 1 1 1 1 1 1 1 1 1 1 1 1 1 1 1 1 1 1 1 1 1 1 1 1 1 1 1 1 1 1 1 1 1 1 1 1 1 1 1 1 1 1 1 1 1 1 1 1 1 1 1 1 1 1 1 1 1 1 1 1 1 1 1 1 1 3 3 3 3 3 3 3 3 7 7 100 100 100 7 7 100 100 100 100 100 100 100 100 100 7 100 7 7 7 7 7 100 7 7 100 100 100 100 7 100 100 100 7 7 7 100 7 1 1 1 1 1 1 1 1 1 1 1 1 1 1 1 1 1 1 1 1 1 1 1 1 1 1 1 1 1 1 1 1 1 1 1 1 1 1 1 1 1 1 1 1 1 1 1 1 1 1 1 1 1 1 1 1 1 1 1 1 1 1 1 1 12 12 12 12 12 12 12 12 12 12 12 12 12 12 12 12 12 12 12 12 12 12 12 12 12 12 12 12 12 12 12 12 12 12 12 12 12 12 12 12 12 12 12 12 12 12 12 12 12 12 12 12 12 12 12 12 12 12 12 12 12 12 12 12 12 12 12 12 12 12 12 12 12 12 12 12 12 12 12 12 12 12 12 12 12 12 12 12 12 12 12 12 12 12 12 12 12 12 12 12 12 12 12 12 12 12 12 12 12 12 12 12 12 9 9 9 9 9 9 9 9 9 9 10 10 10 10 10 10 10 10 10 10 10 10 10 10 10 10 10 10 10 10 10 10 10 10 10 10 10 10 10 10 10 10 10 10 10 10 10 10 10 10 10 10 10 10 10 10 10 10 10 10 10 10 10 10 10 10 10 10 10 10 10 10 10 10 10 10 10 10 10 10 10 10 10 10 10 10 10 10 10 10 10 10 10 10 10 10 10 10 10 10 10 10 10 10 10 10 10 10 10 10 10 10 10 10 10 10 10 10 10 10 10 10 10 10 10 10 10 10 10 10 10 10 10 10 10 10 1 1 1 1
staticfield java/lang/invoke/MemberName $assertionsDisabled Z 1
ciInstanceKlass java/lang/invoke/MethodHandleNatives 1 1 427 8 8 8 8 8 8 8 8 8 8 8 8 8 8 8 8 8 8 8 8 8 8 8 8 8 8 8 8 100 100 7 7 100 1 1 1 1 1 1 1 1 1 1 1 1 1 1 1 1 1 1 1 1 1 1 1 1 1 1 1 1 1 1 1 1 1 1 1 1 1 1 1 1 1 1 1 1 1 1 1 1 1 1 1 1 1 1 1 1 1 1 1 1 1 1 1 1 1 1 1 1 1 1 1 1 1 1 1 1 1 1 1 1 1 1 1 1 1 1 1 1 1 1 1 1 1 1 1 1 1 1 1 1 1 1 1 1 1 1 1 1 1 1 1 1 1 1 1 1 1 1 1 1 1 1 1 1 1 1 1 1 1 1 1 1 1 1 1 1 1 1 1 1 1 1 1 1 1 1 1 1 1 1 1 1 1 1 1 1 1 1 1 1 1 1 1 1 1 1 1 100 100 100 100 7 100 100 100 100 100 100 100 100 100 100 100 100 100 7 100 7 100 100 100 7 7 7 7 7 7 100 7 7 100 100 1 1 1 1 1 1 1 1 1 1 1 1 1 1 1 1 1 1 1 1 1 1 1 1 1 1 1 1 1 1 1 1 1 1 1 1 1 1 1 1 1 1 1 1 1 1 1 12 12 12 12 12 12 12 12 12 12 12 12 12 12 12 12 12 12 12 12 12 12 12 12 12 12 12 12 12 12 12 12 12 12 12 12 12 12 12 12 12 12 12 12 12 12 12 12 12 12 12 12 12 12 12 12 12 12 12 12 12 12 12 12 9 9 9 9 9 9 10 10 10 10 10 10 10 10 10 10 10 10 10 10 10 10 10 10 10 10 10 10 10 10 10 10 10 10 10 10 10 10 10 10 10 10 10 10 10 10 10 10 10 10 10 10 10 10 10 10 10 10 10 10 10 10 10 10 10 10 10 10 10 10 10 10 10 10 10 10 10 1 1 1
staticfield java/lang/invoke/MethodHandleNatives COUNT_GWT Z 1
staticfield java/lang/invoke/MethodHandleNatives $assertionsDisabled Z 1
ciInstanceKlass java/lang/invoke/LambdaForm 1 1 967 8 8 8 8 8 8 8 8 8 8 8 8 8 8 8 8 8 8 8 8 8 8 8 8 8 8 8 8 8 8 8 8 8 8 8 8 8 8 8 8 8 8 8 8 8 8 8 8 8 8 8 8 8 8 100 7 7 1 1 1 1 1 1 1 1 1 1 1 1 1 1 1 1 1 1 1 1 1 1 1 1 1 1 1 1 1 1 1 1 1 1 1 1 1 1 1 1 1 1 1 1 1 1 1 1 1 1 1 1 1 1 1 1 1 1 1 1 1 1 1 1 1 1 1 1 1 1 1 1 1 1 1 1 1 1 1 1 1 1 1 1 1 1 1 1 1 1 1 1 1 1 1 1 1 1 1 1 1 1 1 1 1 1 1 1 1 1 1 1 1 1 1 1 1 1 1 1 1 1 1 1 1 1 1 1 1 1 1 1 1 1 1 1 1 1 1 1 1 1 1 1 1 1 1 1 1 1 1 1 1 1 1 1 1 1 1 1 1 1 1 1 1 1 1 1 1 1 1 1 1 1 1 1 1 1 1 1 1 1 1 1 1 1 1 1 1 1 1 1 1 1 1 1 1 1 1 1 1 1 1 1 1 1 1 1 1 1 1 1 1 1 1 1 1 1 1 1 1 1 1 1 1 1 1 1 1 1 1 1 1 1 1 1 1 1 1 1 1 1 1 1 1 1 1 1 1 1 1 1 1 1 1 1 1 1 1 1 1 1 1 1 1 1 1 1 1 1 1 1 1 1 1 1 1 1 1 1 1 1 1 1 1 1 1 1 1 1 1 1 1 1 1 1 1 1 1 1 1 1 1 1 1 1 1 1 1 1 1 1 1 1 1 1 1 1 1 1 1 1 1 1 1 1 1 1 1 1 1 1 1 1 1 1 1 1 1 1 3 3 3 3 8 100 100 100 100 7 7 100 100 100 7 100 100 100 100 100 100 100 100 7 7 7 100 7 7 100 100 100 7 100 7 100 100 7 7 7 7 7 100 100 7 7 7 7 100 100 7 7 7 1 1 1 1 1 1 1 1 1 1 1 1 1 1 1 1 1 1 1 1 1 1 1 1 1 1 1 1 1 1 1 1 1 1 1 1 1 1 1 1 1 1 1 1 1 1 1 1 1 1 1 1 1 1 1 1 1 1 1 1 1 1 1 1 1 1 1 1 1 1 1 1 1 1 1 1 1 1 1 1 1 1 1 1 1 1 1 1 1 1 1 1 1 1 1 1 1 1 1 1 1 1 1 1 1 1 1 1 1 1 1 1 1 1 12 12 12 12 12 12 12 12 12 12 12 12 12 12 12 12 12 12 12 12 12 12 12 12 12 12 12 12 12 12 12 12 12 12 12 12 12 12 12 12 12 12 12 12 12 12 12 12 12 12 12 12 12 12 12 12 12 12 12 12 12 12 12 12 12 12 12 12 12 12 12 12 12 12 12 12 12 12 12 12 12 12 12 12 12 12 12 12 12 12 12 12 12 12 12 12 12 12 12 12 12 12 12 12 12 12 12 12 12 12 12 12 12 12 12 12 12 12 12 12 12 12 12 12 12 12 12 12 12 12 12 12 12 12 12 12 12 12 12 12 12 12 12 12 12 12 12 12 12 12 12 12 12 12 12 12 12 12 12 12 12 12 12 12 12 12 12 12 12 12 12 12 12 12 12 12 12 12 12 12 12 12 12 12 12 12 12 12 12 12 12 9 9 9 9 9 9 9 9 9 9 9 9 9 9 9 9 9 9 9 9 9 9 9 9 9 9 9 9 9 9 9 9 9 9 9 9 9 9 9 9 10 10 10 10 10 10 10 10 10 10 10 10 10 10 10 10 10 10 10 10 10 10 10 10 10 10 10 10 10 10 10 10 10 10 10 10 10 10 10 10 10 10 10 10 10 10 10 10 10 10 10 10 10 10 10 10 10 10 10 10 10 10 10 10 10 10 10 10 10 10 10 10 10 10 10 10 10 10 10 10 10 10 10 10 10 10 10 10 10 10 10 10 10 10 10 10 10 10 10 10 10 10 10 10 10 10 10 10 10 10 10 10 10 10 10 10 10 10 10 10 10 10 10 10 10 10 10 10 10 10 10 10 10 10 10 10 10 10 10 10 10 10 10 10 10 10 10 10 10 10 10 10 10 10 10 10 10 10 10 10 11 11 11 11 11 1 1 1 1 1 1
staticfield java/lang/invoke/LambdaForm COMPILE_THRESHOLD I 0
staticfield java/lang/invoke/LambdaForm INTERNED_ARGUMENTS [[Ljava/lang/invoke/LambdaForm$Name; 5 [[Ljava/lang/invoke/LambdaForm$Name;
staticfield java/lang/invoke/LambdaForm IMPL_NAMES Ljava/lang/invoke/MemberName$Factory; java/lang/invoke/MemberName$Factory
staticfield java/lang/invoke/LambdaForm LF_identityForm [Ljava/lang/invoke/LambdaForm; 6 [Ljava/lang/invoke/LambdaForm;
staticfield java/lang/invoke/LambdaForm LF_zeroForm [Ljava/lang/invoke/LambdaForm; 6 [Ljava/lang/invoke/LambdaForm;
staticfield java/lang/invoke/LambdaForm NF_identity [Ljava/lang/invoke/LambdaForm$NamedFunction; 6 [Ljava/lang/invoke/LambdaForm$NamedFunction;
staticfield java/lang/invoke/LambdaForm NF_zero [Ljava/lang/invoke/LambdaForm$NamedFunction; 6 [Ljava/lang/invoke/LambdaForm$NamedFunction;
staticfield java/lang/invoke/LambdaForm DEBUG_NAME_COUNTERS Ljava/util/HashMap; null
staticfield java/lang/invoke/LambdaForm TRACE_INTERPRETER Z 0
staticfield java/lang/invoke/LambdaForm $assertionsDisabled Z 1
ciInstanceKlass java/lang/invoke/MethodType 1 1 588 8 8 8 8 8 8 8 8 8 8 8 8 7 7 7 7 1 1 1 1 1 1 1 1 1 1 1 1 1 1 1 1 1 1 1 1 1 1 1 1 1 1 1 1 1 1 1 1 1 1 1 1 1 1 1 1 1 1 1 1 1 1 1 1 1 1 1 1 1 1 1 1 1 1 1 1 1 1 1 1 1 1 1 1 1 1 1 1 1 1 1 1 1 1 1 1 1 1 1 1 1 1 1 1 1 1 1 1 1 1 1 1 1 1 1 1 1 1 1 1 1 1 1 1 1 1 1 1 1 1 1 1 1 1 1 1 1 1 1 1 1 1 1 1 1 1 1 1 1 1 1 1 1 1 1 1 1 1 1 1 1 1 1 1 1 1 1 1 1 1 1 1 1 1 1 1 1 1 1 1 1 1 1 1 1 1 1 1 1 1 1 1 1 1 1 1 1 1 1 1 1 1 1 1 1 1 1 1 1 1 1 1 1 1 3 3 3 5 0 7 100 100 100 100 7 100 100 7 100 7 100 100 100 100 100 7 7 7 7 100 7 7 7 7 7 7 7 7 7 7 100 100 7 1 1 1 1 1 1 1 1 1 1 1 1 1 1 1 1 1 1 1 1 1 1 1 1 1 1 1 1 1 1 1 1 1 1 1 1 1 1 1 1 1 1 1 1 1 1 1 1 1 1 1 1 1 1 1 1 1 1 1 1 1 1 1 1 1 1 1 1 1 1 1 1 1 1 1 1 1 1 1 1 1 1 1 1 1 1 1 1 1 1 1 1 1 1 1 1 1 1 1 1 1 1 12 12 12 12 12 12 12 12 12 12 12 12 12 12 12 12 12 12 12 12 12 12 12 12 12 12 12 12 12 12 12 12 12 12 12 12 12 12 12 12 12 12 12 12 12 12 12 12 12 12 12 12 12 12 12 12 12 12 12 12 12 12 12 12 12 12 12 12 12 12 12 12 12 12 12 12 12 12 12 12 12 12 12 12 12 12 12 12 12 12 12 12 12 12 12 12 12 12 12 12 12 12 12 12 12 12 12 12 12 12 12 9 9 9 9 9 9 9 9 9 9 9 9 9 9 9 9 9 9 10 10 10 10 10 10 10 10 10 10 10 10 10 10 10 10 10 10 10 10 10 10 10 10 10 10 10 10 10 10 10 10 10 10 10 10 10 10 10 10 10 10 10 10 10 10 10 10 10 10 10 10 10 10 10 10 10 10 10 10 10 10 10 10 10 10 10 10 10 10 10 10 10 10 10 10 10 10 10 10 10 10 10 10 10 10 10 10 10 10 10 10 10 10 10 10 10 11 11 11 11 1 1
staticfield java/lang/invoke/MethodType internTable Ljava/lang/invoke/MethodType$ConcurrentWeakInternSet; java/lang/invoke/MethodType$ConcurrentWeakInternSet
staticfield java/lang/invoke/MethodType NO_PTYPES [Ljava/lang/Class; 0 [Ljava/lang/Class;
staticfield java/lang/invoke/MethodType objectOnlyTypes [Ljava/lang/invoke/MethodType; 20 [Ljava/lang/invoke/MethodType;
staticfield java/lang/invoke/MethodType serialPersistentFields [Ljava/io/ObjectStreamField; 0 [Ljava/io/ObjectStreamField;
staticfield java/lang/invoke/MethodType rtypeOffset J 12
staticfield java/lang/invoke/MethodType ptypesOffset J 16
staticfield java/lang/invoke/MethodType $assertionsDisabled Z 1
ciInstanceKlass java/lang/BootstrapMethodError 0 0 38 1 1 1 1 1 1 1 1 1 1 1 1 1 1 1 1 1 1 5 0 100 100 100 100 1 1 12 12 12 12 12 10 10 10 10 10 1
instanceKlass java/lang/invoke/VolatileCallSite
instanceKlass java/lang/invoke/MutableCallSite
instanceKlass java/lang/invoke/ConstantCallSite
ciInstanceKlass java/lang/invoke/CallSite 1 1 311 8 8 8 8 8 8 8 8 7 7 7 7 1 1 1 1 1 1 1 1 1 1 1 1 1 1 1 1 1 1 1 1 1 1 1 1 1 1 1 1 1 1 1 1 1 1 1 1 1 1 1 1 1 1 1 1 1 1 1 1 1 1 1 1 1 1 1 1 1 1 1 1 1 1 1 1 1 1 1 1 1 1 1 1 1 1 1 1 1 1 1 1 1 1 1 1 1 1 1 1 1 1 1 1 1 1 1 1 1 1 1 1 1 1 1 1 1 1 100 7 100 100 100 100 7 100 100 100 100 100 100 7 100 7 100 7 7 100 100 7 1 1 1 1 1 1 1 1 1 1 1 1 1 1 1 1 1 1 1 1 1 1 1 1 1 1 1 1 1 1 1 1 1 1 1 1 1 1 1 1 1 1 1 12 12 12 12 12 12 12 12 12 12 12 12 12 12 12 12 12 12 12 12 12 12 12 12 12 12 12 12 12 12 12 12 12 12 12 12 12 12 12 12 12 12 12 12 12 12 12 12 12 12 12 12 12 12 12 12 12 12 12 12 9 9 9 9 9 9 10 10 10 10 10 10 10 10 10 10 10 10 10 10 10 10 10 10 10 10 10 10 10 10 10 10 10 10 10 10 10 10 10 10 10 10 10 10 10 10 10 10 10 10 10 10 10 10 10 10 10 10 10 10 10 10 10 10 10 1 1
staticfield java/lang/invoke/CallSite GET_TARGET Ljava/lang/invoke/MethodHandle; java/lang/invoke/DirectMethodHandle
staticfield java/lang/invoke/CallSite THROW_UCS Ljava/lang/invoke/MethodHandle; java/lang/invoke/MethodHandleImpl$AsVarargsCollector
staticfield java/lang/invoke/CallSite TARGET_OFFSET J 12
ciInstanceKlass java/lang/invoke/ConstantCallSite 1 1 42 1 1 1 1 1 1 1 1 1 1 1 1 1 1 1 1 1 1 1 1 100 100 100 7 7 1 1 12 12 12 12 12 12 9 9 10 10 10 10 10 1
ciInstanceKlass java/lang/invoke/MutableCallSite 0 0 57 1 1 1 1 1 1 1 1 1 1 1 1 1 1 1 1 1 1 1 1 1 1 1 1 1 100 100 100 100 1 1 1 1 1 1 12 12 12 12 12 12 12 12 12 12 9 9 10 10 10 10 10 10 10 10 1
ciInstanceKlass java/lang/invoke/VolatileCallSite 0 0 33 1 1 1 1 1 1 1 1 1 1 1 1 1 1 100 100 1 1 1 12 12 12 12 12 12 10 10 10 10 10 10 1
instanceKlass java/lang/StringBuilder
instanceKlass java/lang/StringBuffer
ciInstanceKlass java/lang/AbstractStringBuilder 1 1 318 3 3 3 8 8 8 8 8 8 8 8 8 8 8 8 8 1 1 1 1 1 1 1 1 1 1 1 1 1 1 1 1 1 1 1 1 1 1 1 1 1 1 1 1 1 1 1 1 1 1 1 1 1 1 1 1 1 1 1 1 1 1 1 1 1 1 1 1 1 1 1 1 1 1 1 1 1 1 1 1 1 1 1 1 1 1 1 1 1 1 1 1 1 1 1 1 1 1 1 1 1 1 1 1 1 1 1 1 1 1 1 1 1 1 1 1 1 1 1 1 1 1 1 1 1 1 1 1 1 1 1 1 5 0 100 7 100 7 100 100 100 7 7 7 100 7 100 100 100 7 7 100 1 1 1 1 1 1 1 1 1 1 1 1 1 1 1 1 1 1 1 1 1 1 1 1 1 1 1 1 1 1 1 1 1 1 1 1 1 1 1 1 1 1 1 12 12 12 12 12 12 12 12 12 12 12 12 12 12 12 12 12 12 12 12 12 12 12 12 12 12 12 12 12 12 12 12 12 12 12 12 12 12 12 12 12 12 12 12 12 12 12 12 12 12 12 12 12 12 12 9 9 10 10 10 10 10 10 10 10 10 10 10 10 10 10 10 10 10 10 10 10 10 10 10 10 10 10 10 10 10 10 10 10 10 10 10 10 10 10 10 10 10 10 10 10 10 10 10 10 10 10 10 10 10 10 10 10 10 10 10 10 10 10 11 11 1
ciInstanceKlass java/lang/StringBuffer 1 1 371 8 8 8 7 1 1 1 1 1 1 1 1 1 1 1 1 1 1 1 1 1 1 1 1 1 1 1 1 1 1 1 1 1 1 1 1 1 1 1 1 1 1 1 1 1 1 1 1 1 1 1 1 1 1 1 1 1 1 1 1 1 1 1 1 1 1 1 1 1 1 1 1 1 1 1 1 1 1 1 1 1 1 1 1 1 1 1 1 1 1 1 1 1 5 0 100 100 100 100 100 7 100 7 7 100 100 7 7 7 100 7 1 1 1 1 1 1 1 1 1 1 1 1 1 1 1 1 1 1 1 1 1 1 1 1 1 1 1 1 1 1 1 1 1 1 1 1 1 1 1 1 1 1 1 1 1 1 1 1 1 1 1 1 1 1 1 1 1 1 1 1 1 1 1 1 1 1 1 1 12 12 12 12 12 12 12 12 12 12 12 12 12 12 12 12 12 12 12 12 12 12 12 12 12 12 12 12 12 12 12 12 12 12 12 12 12 12 12 12 12 12 12 12 12 12 12 12 12 12 12 12 12 12 12 12 12 12 12 12 12 12 12 12 12 12 12 12 12 12 12 12 12 12 12 12 12 12 12 12 12 12 12 12 12 12 12 12 12 12 12 9 9 9 9 9 9 10 10 10 10 10 10 10 10 10 10 10 10 10 10 10 10 10 10 10 10 10 10 10 10 10 10 10 10 10 10 10 10 10 10 10 10 10 10 10 10 10 10 10 10 10 10 10 10 10 10 10 10 10 10 10 10 10 10 10 10 10 10 10 10 10 10 10 10 10 10 10 10 10 10 10 10 10 10 10 10 10 10 10 10 10 10 10 10 10 10 11 1 1 1
staticfield java/lang/StringBuffer serialPersistentFields [Ljava/io/ObjectStreamField; 3 [Ljava/io/ObjectStreamField;
ciInstanceKlass java/lang/StringBuilder 1 1 326 1 1 1 1 1 1 1 1 1 1 1 1 1 1 1 1 1 1 1 1 1 1 1 1 1 1 1 1 1 1 1 1 1 1 1 1 1 1 1 1 1 1 1 1 1 1 1 1 1 1 1 1 1 1 1 1 1 1 1 1 1 1 1 1 1 1 1 1 1 5 0 100 100 100 100 100 7 100 100 7 7 1 1 1 1 1 1 1 1 1 1 1 1 1 1 1 1 1 1 1 1 1 1 1 1 1 1 1 1 1 1 1 1 1 1 1 1 1 1 1 1 1 1 1 1 1 1 1 1 1 1 1 1 1 1 1 1 1 1 1 1 1 1 12 12 12 12 12 12 12 12 12 12 12 12 12 12 12 12 12 12 12 12 12 12 12 12 12 12 12 12 12 12 12 12 12 12 12 12 12 12 12 12 12 12 12 12 12 12 12 12 12 12 12 12 12 12 12 12 12 12 12 12 12 12 12 12 12 12 12 12 12 12 12 12 12 12 12 12 12 12 12 12 12 12 12 12 12 12 12 12 12 9 9 10 10 10 10 10 10 10 10 10 10 10 10 10 10 10 10 10 10 10 10 10 10 10 10 10 10 10 10 10 10 10 10 10 10 10 10 10 10 10 10 10 10 10 10 10 10 10 10 10 10 10 10 10 10 10 10 10 10 10 10 10 10 10 10 10 10 10 10 10 10 10 10 10 10 10 10 10 10 10 10 10 10 10 10 10 10 10 10 10 11 1
ciInstanceKlass sun/misc/Unsafe 1 1 389 8 8 7 7 7 7 7 7 7 7 7 7 1 1 1 1 1 1 1 1 1 1 1 1 1 1 1 1 1 1 1 1 1 1 1 1 1 1 1 1 1 1 1 1 1 1 1 1 1 1 1 1 1 1 1 1 1 1 1 1 1 1 1 1 1 1 1 1 1 1 1 1 1 1 1 1 1 1 1 1 1 1 1 1 1 1 1 1 1 1 1 1 1 1 1 1 1 1 1 1 1 1 1 1 1 1 1 1 1 1 1 1 1 1 1 1 1 1 1 1 1 1 1 1 1 1 1 1 1 1 1 1 1 1 1 1 1 1 1 1 1 1 1 1 1 1 1 1 1 1 1 1 1 1 1 1 1 1 1 1 1 1 1 1 1 1 1 1 1 1 1 1 1 1 1 1 1 1 1 1 3 100 7 100 100 7 100 7 100 100 7 7 1 1 1 1 1 1 1 1 1 1 1 1 1 1 1 1 1 1 1 1 1 1 1 1 1 1 1 1 1 1 1 1 1 1 1 1 1 1 1 1 1 1 1 1 1 1 1 1 1 1 1 1 1 1 1 1 1 1 1 1 1 1 1 1 1 1 1 1 1 12 12 12 12 12 12 12 12 12 12 12 12 12 12 12 12 12 12 12 12 12 12 12 12 12 12 12 12 12 12 12 12 12 12 12 12 12 12 12 12 12 12 12 12 12 12 12 12 12 12 12 12 12 12 12 12 12 12 12 12 12 12 9 9 9 9 9 9 9 9 9 9 9 9 9 9 9 9 9 9 9 9 10 10 10 10 10 10 10 10 10 10 10 10 10 10 10 10 10 10 10 10 10 10 10 10 10 10 10 10 10 10 10 10 10 10 10 10 10 10 10 10 10 10 10 10 1
staticfield sun/misc/Unsafe theUnsafe Lsun/misc/Unsafe; sun/misc/Unsafe
staticfield sun/misc/Unsafe ARRAY_BOOLEAN_BASE_OFFSET I 16
staticfield sun/misc/Unsafe ARRAY_BYTE_BASE_OFFSET I 16
staticfield sun/misc/Unsafe ARRAY_SHORT_BASE_OFFSET I 16
staticfield sun/misc/Unsafe ARRAY_CHAR_BASE_OFFSET I 16
staticfield sun/misc/Unsafe ARRAY_INT_BASE_OFFSET I 16
staticfield sun/misc/Unsafe ARRAY_LONG_BASE_OFFSET I 16
staticfield sun/misc/Unsafe ARRAY_FLOAT_BASE_OFFSET I 16
staticfield sun/misc/Unsafe ARRAY_DOUBLE_BASE_OFFSET I 16
staticfield sun/misc/Unsafe ARRAY_OBJECT_BASE_OFFSET I 16
staticfield sun/misc/Unsafe ARRAY_BOOLEAN_INDEX_SCALE I 1
staticfield sun/misc/Unsafe ARRAY_BYTE_INDEX_SCALE I 1
staticfield sun/misc/Unsafe ARRAY_SHORT_INDEX_SCALE I 2
staticfield sun/misc/Unsafe ARRAY_CHAR_INDEX_SCALE I 2
staticfield sun/misc/Unsafe ARRAY_INT_INDEX_SCALE I 4
staticfield sun/misc/Unsafe ARRAY_LONG_INDEX_SCALE I 8
staticfield sun/misc/Unsafe ARRAY_FLOAT_INDEX_SCALE I 4
staticfield sun/misc/Unsafe ARRAY_DOUBLE_INDEX_SCALE I 8
staticfield sun/misc/Unsafe ARRAY_OBJECT_INDEX_SCALE I 4
staticfield sun/misc/Unsafe ADDRESS_SIZE I 8
instanceKlass java/io/ObjectInputStream
instanceKlass com/cbkj/infrastructure/scanner/MigrationFileParserTest$1
instanceKlass org/apache/maven/surefire/api/util/internal/Channels$2
instanceKlass java/util/zip/ZipFile$ZipFileInputStream
instanceKlass java/io/FilterInputStream
instanceKlass java/io/FileInputStream
instanceKlass java/io/ByteArrayInputStream
ciInstanceKlass java/io/InputStream 1 1 61 8 1 1 1 1 1 1 1 1 1 1 1 1 1 1 1 1 1 1 1 1 1 1 1 1 1 1 1 1 1 1 1 1 1 1 1 3 5 0 100 100 100 7 100 100 100 7 12 12 12 12 12 10 10 10 10 10 10 10 1
ciInstanceKlass java/io/ByteArrayInputStream 1 1 62 1 1 1 1 1 1 1 1 1 1 1 1 1 1 1 1 1 1 1 1 1 1 1 1 1 1 1 1 1 1 1 1 1 1 1 1 7 100 7 100 100 100 7 1 12 12 12 12 12 12 12 9 9 9 9 10 10 10 10 10 1
ciInstanceKlass java/io/File 1 1 583 8 8 8 8 8 8 8 8 8 8 8 8 8 8 8 8 8 8 8 7 1 1 1 1 1 1 1 1 1 1 1 1 1 1 1 1 1 1 1 1 1 1 1 1 1 1 1 1 1 1 1 1 1 1 1 1 1 1 1 1 1 1 1 1 1 1 1 1 1 1 1 1 1 1 1 1 1 1 1 1 1 1 1 1 1 1 1 1 1 1 1 1 1 1 1 1 1 1 1 1 1 1 1 1 1 1 1 1 1 1 1 1 1 1 1 1 1 1 1 1 1 1 1 1 1 1 1 1 1 1 1 1 1 1 1 1 1 1 1 1 1 1 1 1 1 1 1 1 1 1 1 1 1 1 1 1 1 1 1 1 1 1 1 1 1 1 1 1 1 1 1 1 1 1 1 1 1 1 1 1 1 1 1 1 1 1 1 1 1 1 1 1 1 1 1 1 1 1 1 1 1 1 1 1 1 1 1 1 1 1 1 1 1 1 1 1 1 1 1 1 1 1 1 1 1 1 1 1 1 1 1 1 1 1 1 1 1 1 1 5 0 100 100 7 100 7 100 100 7 100 100 100 100 100 100 100 7 100 100 100 100 100 7 100 100 100 100 7 7 7 100 100 100 100 100 100 100 100 100 100 7 1 1 1 1 1 1 1 1 1 1 1 1 1 1 1 1 1 1 1 1 1 1 1 1 1 1 1 1 1 1 1 1 1 1 1 1 1 1 1 1 1 1 1 1 1 1 1 1 1 1 1 1 1 1 1 12 12 12 12 12 12 12 12 12 12 12 12 12 12 12 12 12 12 12 12 12 12 12 12 12 12 12 12 12 12 12 12 12 12 12 12 12 12 12 12 12 12 12 12 12 12 12 12 12 12 12 12 12 12 12 12 12 12 12 12 12 12 12 12 12 12 12 12 12 12 12 12 12 12 12 12 12 12 12 12 12 12 12 12 12 12 12 12 12 12 12 12 12 12 12 12 12 12 12 12 12 12 12 12 12 12 12 12 12 12 12 12 12 12 12 9 9 9 9 9 9 9 9 9 9 9 9 9 9 9 10 10 10 10 10 10 10 10 10 10 10 10 10 10 10 10 10 10 10 10 10 10 10 10 10 10 10 10 10 10 10 10 10 10 10 10 10 10 10 10 10 10 10 10 10 10 10 10 10 10 10 10 10 10 10 10 10 10 10 10 10 10 10 10 10 10 10 10 10 10 10 10 10 10 10 10 10 10 10 10 10 10 10 10 10 10 10 10 10 10 10 10 10 10 10 10 10 10 10 10 10 10 10 10 10 10 10 11 11 11 11 11 1 1 1 1
staticfield java/io/File fs Ljava/io/FileSystem; java/io/WinNTFileSystem
staticfield java/io/File separatorChar C 92
staticfield java/io/File separator Ljava/lang/String; "\"
staticfield java/io/File pathSeparatorChar C 59
staticfield java/io/File pathSeparator Ljava/lang/String; ";"
staticfield java/io/File PATH_OFFSET J 16
staticfield java/io/File PREFIX_LENGTH_OFFSET J 12
staticfield java/io/File UNSAFE Lsun/misc/Unsafe; sun/misc/Unsafe
staticfield java/io/File $assertionsDisabled Z 1
instanceKlass org/apache/maven/surefire/booter/IsolatedClassLoader
instanceKlass sun/misc/Launcher$ExtClassLoader
instanceKlass sun/misc/Launcher$AppClassLoader
ciInstanceKlass java/net/URLClassLoader 1 1 524 8 8 8 8 8 8 8 8 8 8 8 8 1 1 1 1 1 1 1 1 1 1 1 1 1 1 1 1 1 1 1 1 1 1 1 1 1 1 1 1 1 1 1 1 1 1 1 1 1 1 1 1 1 1 1 1 1 1 1 1 1 1 1 1 1 1 1 1 1 1 1 1 1 1 1 1 1 1 1 1 1 1 1 1 1 1 1 1 1 1 1 1 1 1 1 1 1 1 1 1 1 1 1 1 1 1 1 1 1 1 1 1 1 1 1 1 1 1 1 1 1 1 1 1 1 1 1 1 1 1 1 1 1 1 1 1 1 1 1 1 1 1 1 1 1 1 1 1 1 1 1 1 1 1 1 1 1 1 1 1 1 1 1 1 1 1 1 1 1 1 1 1 1 1 1 1 1 1 1 1 1 1 1 1 1 1 1 1 1 1 1 1 1 100 100 7 7 100 100 100 7 7 7 100 100 7 100 100 100 7 7 7 100 7 100 7 7 7 7 7 100 100 100 7 7 100 100 100 7 7 7 7 100 7 100 100 100 7 7 7 100 7 7 7 7 7 7 100 100 1 1 1 1 1 1 1 1 1 1 1 1 1 1 1 1 1 1 1 1 1 1 1 1 1 1 1 1 1 1 1 1 1 1 1 1 1 1 1 1 1 1 1 1 1 1 1 1 1 1 1 1 1 1 1 1 1 1 1 1 1 1 1 1 1 1 1 1 1 1 12 12 12 12 12 12 12 12 12 12 12 12 12 12 12 12 12 12 12 12 12 12 12 12 12 12 12 12 12 12 12 12 12 12 12 12 12 12 12 12 12 12 12 12 12 12 12 12 12 12 12 12 12 12 12 12 12 12 12 12 12 12 12 12 12 12 12 12 12 12 12 12 12 12 12 12 12 12 12 12 12 12 12 12 12 12 12 12 12 12 12 12 12 12 12 12 12 9 9 9 9 9 9 9 9 9 9 9 9 10 10 10 10 10 10 10 10 10 10 10 10 10 10 10 10 10 10 10 10 10 10 10 10 10 10 10 10 10 10 10 10 10 10 10 10 10 10 10 10 10 10 10 10 10 10 10 10 10 10 10 10 10 10 10 10 10 10 10 10 10 10 10 10 10 10 10 10 10 10 10 10 10 10 10 10 10 10 10 10 10 10 10 10 10 10 11 11 11 11 11 11 11 11 11
ciInstanceKlass java/net/URL 1 1 584 8 8 8 8 8 8 8 8 8 8 8 8 8 8 8 8 8 8 8 8 8 8 8 8 8 8 7 1 1 1 1 1 1 1 1 1 1 1 1 1 1 1 1 1 1 1 1 1 1 1 1 1 1 1 1 1 1 1 1 1 1 1 1 1 1 1 1 1 1 1 1 1 1 1 1 1 1 1 1 1 1 1 1 1 1 1 1 1 1 1 1 1 1 1 1 1 1 1 1 1 1 1 1 1 1 1 1 1 1 1 1 1 1 1 1 1 1 1 1 1 1 1 1 1 1 1 1 1 1 1 1 1 1 1 1 1 1 1 1 1 1 1 1 1 1 1 1 1 1 1 1 1 1 1 1 1 1 1 1 1 1 1 1 1 1 1 1 1 1 1 1 1 1 1 1 1 1 1 1 1 1 1 1 1 1 1 1 1 1 1 1 1 1 1 1 1 1 1 1 1 1 1 1 1 1 1 1 1 1 1 1 1 1 1 1 1 1 1 1 1 1 1 1 1 1 1 1 1 1 1 1 1 1 1 1 1 5 0 100 100 100 100 100 100 7 100 7 7 100 100 100 100 100 7 7 100 100 7 7 100 100 100 100 7 100 100 100 100 7 7 7 100 100 100 7 7 7 100 7 7 7 100 1 1 1 1 1 1 1 1 1 1 1 1 1 1 1 1 1 1 1 1 1 1 1 1 1 1 1 1 1 1 1 1 1 1 1 1 1 1 1 1 1 1 1 1 1 1 1 1 1 1 1 1 1 1 1 12 12 12 12 12 12 12 12 12 12 12 12 12 12 12 12 12 12 12 12 12 12 12 12 12 12 12 12 12 12 12 12 12 12 12 12 12 12 12 12 12 12 12 12 12 12 12 12 12 12 12 12 12 12 12 12 12 12 12 12 12 12 12 12 12 12 12 12 12 12 12 12 12 12 12 12 12 12 12 12 12 12 12 12 12 12 12 12 12 12 12 12 12 12 12 12 12 12 12 12 12 12 12 12 12 12 12 12 12 12 12 12 12 12 12 9 9 9 9 9 9 9 9 9 9 9 9 9 9 9 9 9 9 9 9 9 10 10 10 10 10 10 10 10 10 10 10 10 10 10 10 10 10 10 10 10 10 10 10 10 10 10 10 10 10 10 10 10 10 10 10 10 10 10 10 10 10 10 10 10 10 10 10 10 10 10 10 10 10 10 10 10 10 10 10 10 10 10 10 10 10 10 10 10 10 10 10 10 10 10 10 10 10 10 10 10 10 10 10 10 10 10 10 10 10 10 10 10 10 10 10 10 10 10 10 10 10 10 10 10 10 10 10 10 11 1
staticfield java/net/URL serialPersistentFields [Ljava/io/ObjectStreamField; 7 [Ljava/io/ObjectStreamField;
ciInstanceKlass java/util/jar/Manifest 1 1 256 8 8 8 8 8 8 8 1 1 1 1 1 1 1 1 1 1 1 1 1 1 1 1 1 1 1 1 1 1 1 1 1 1 1 1 1 1 1 1 1 1 1 1 1 1 1 1 1 1 1 1 1 1 1 1 1 1 1 1 1 1 1 1 1 1 1 1 1 1 1 1 1 1 1 1 1 1 1 1 1 1 1 1 1 1 1 1 1 1 1 1 1 1 1 1 1 1 1 1 1 100 100 100 100 100 100 100 7 100 100 100 100 100 7 100 7 100 100 7 100 7 7 1 1 1 1 1 1 1 1 1 1 1 1 1 1 1 1 1 1 1 1 1 1 1 1 1 12 12 12 12 12 12 12 12 12 12 12 12 12 12 12 12 12 12 12 12 12 12 12 12 12 12 12 12 12 12 12 12 12 12 12 12 12 12 12 12 12 12 12 12 12 12 12 12 9 9 9 10 10 10 10 10 10 10 10 10 10 10 10 10 10 10 10 10 10 10 10 10 10 10 10 10 10 10 10 10 10 10 10 10 10 10 10 10 10 10 10 10 10 10 11 11 11 11 11 11 11 11 11 11 11 11 1 1
ciInstanceKlass sun/misc/Launcher 1 1 218 8 8 8 8 8 8 8 8 1 1 1 1 1 1 1 1 1 1 1 1 1 1 1 1 1 1 1 1 1 1 1 1 1 1 1 1 1 1 1 1 1 1 1 1 1 1 1 1 1 1 1 1 1 1 1 1 1 1 1 1 1 1 1 1 1 1 1 1 1 1 1 1 1 1 1 1 1 1 1 1 1 1 1 1 1 1 1 1 1 1 1 1 1 1 1 1 100 100 7 100 100 100 100 100 100 100 100 7 100 7 100 7 7 100 7 7 100 7 7 7 7 7 1 1 1 1 1 1 1 1 1 1 1 1 1 1 1 1 1 1 1 1 1 1 1 12 12 12 12 12 12 12 12 12 12 12 12 12 12 12 12 12 12 12 12 12 12 12 12 12 12 12 12 12 12 12 12 9 9 9 9 9 9 10 10 10 10 10 10 10 10 10 10 10 10 10 10 10 10 10 10 10 10 10 10 10 10 10 10 10 10 10 10 1 1 1 1
ciInstanceKlass sun/misc/Launcher$AppClassLoader 1 1 201 8 8 7 1 1 1 1 1 1 1 1 1 1 1 1 1 1 1 1 1 1 1 1 1 1 1 1 1 1 1 1 1 1 1 1 1 1 1 1 1 1 1 1 1 1 1 1 1 1 1 1 1 1 1 1 1 1 1 1 1 1 1 1 1 1 1 1 1 1 1 1 1 1 1 1 1 1 1 1 1 100 100 100 100 100 7 7 100 7 100 7 7 100 100 7 100 7 100 7 100 7 7 7 100 7 7 1 1 1 1 1 1 1 1 1 1 1 1 1 1 1 1 1 1 1 1 1 1 1 1 1 12 12 12 12 12 12 12 12 12 12 12 12 12 12 12 12 12 12 12 12 12 12 12 12 12 12 12 12 12 12 12 12 12 9 9 10 10 10 10 10 10 10 10 10 10 10 10 10 10 10 10 10 10 10 10 10 10 10 10 10 10 10 10 10 10 10 10 11 1
staticfield sun/misc/Launcher$AppClassLoader $assertionsDisabled Z 1
ciInstanceKlass sun/misc/Launcher$ExtClassLoader 1 1 243 8 8 8 7 1 1 1 1 1 1 1 1 1 1 1 1 1 1 1 1 1 1 1 1 1 1 1 1 1 1 1 1 1 1 1 1 1 1 1 1 1 1 1 1 1 1 1 1 1 1 1 1 1 1 1 1 1 1 1 1 1 1 1 1 1 1 1 1 1 1 1 1 1 1 1 1 1 1 1 1 1 1 1 1 1 1 1 1 1 1 1 1 1 1 1 100 100 100 100 7 100 7 100 7 7 100 100 100 7 7 100 100 100 7 100 100 100 7 7 7 7 7 100 7 7 100 1 1 1 1 1 1 1 1 1 1 1 1 1 1 1 1 1 1 1 1 1 1 1 1 1 1 1 12 12 12 12 12 12 12 12 12 12 12 12 12 12 12 12 12 12 12 12 12 12 12 12 12 12 12 12 12 12 12 12 12 12 12 12 12 12 12 12 12 12 12 9 9 10 10 10 10 10 10 10 10 10 10 10 10 10 10 10 10 10 10 10 10 10 10 10 10 10 10 10 10 10 10 10 10 10 10 10 10 10 10 10 10 10 11 11 1
ciInstanceKlass java/security/CodeSource 1 1 324 8 8 8 8 8 8 8 8 8 8 8 8 8 8 1 1 1 1 1 1 1 1 1 1 1 1 1 1 1 1 1 1 1 1 1 1 1 1 1 1 1 1 1 1 1 1 1 1 1 1 1 1 1 1 1 1 1 1 1 1 1 1 1 1 1 1 1 1 1 1 1 1 1 1 1 1 1 1 1 1 1 1 1 1 1 1 1 1 1 1 1 1 1 1 1 1 1 1 1 1 1 1 1 1 1 1 1 1 1 1 1 1 1 1 1 1 1 1 1 1 1 1 1 1 1 1 1 1 1 1 1 1 1 1 1 1 5 0 100 100 100 100 100 100 100 100 100 7 100 100 100 7 100 7 100 100 100 100 100 100 100 100 100 100 1 1 1 1 1 1 1 1 1 1 1 1 1 1 1 1 1 1 1 1 1 1 1 1 1 12 12 12 12 12 12 12 12 12 12 12 12 12 12 12 12 12 12 12 12 12 12 12 12 12 12 12 12 12 12 12 12 12 12 12 12 12 12 12 12 12 12 12 12 12 12 12 12 12 12 12 12 12 12 12 12 12 12 12 12 12 9 9 9 9 9 10 10 10 10 10 10 10 10 10 10 10 10 10 10 10 10 10 10 10 10 10 10 10 10 10 10 10 10 10 10 10 10 10 10 10 10 10 10 10 10 10 10 10 10 10 10 10 10 10 10 10 10 10 10 10 10 10 10 10 10 10 10 10 11 11 11 11 1
ciInstanceKlass java/lang/StackTraceElement 0 0 98 8 8 8 8 8 8 8 8 1 1 1 1 1 1 1 1 1 1 1 1 1 1 1 1 1 1 1 1 1 1 1 1 1 1 1 1 1 1 1 1 1 1 1 1 1 1 1 1 1 1 1 5 0 100 100 100 100 100 100 1 1 1 1 1 1 12 12 12 12 12 12 12 12 12 12 12 12 12 12 12 9 9 9 9 10 10 10 10 10 10 10 10 10 10 10 10 1
instanceKlass java/nio/LongBuffer
instanceKlass java/nio/CharBuffer
instanceKlass java/nio/ByteBuffer
ciInstanceKlass java/nio/Buffer 1 1 132 8 8 8 8 8 8 8 8 7 1 1 1 1 1 1 1 1 1 1 1 1 1 1 1 1 1 1 1 1 1 1 1 1 1 1 1 1 1 1 1 1 1 1 1 1 1 1 1 1 1 1 1 1 1 1 1 1 1 1 1 1 1 1 1 1 1 1 1 1 1 1 1 1 1 1 1 1 3 100 7 100 100 7 100 100 100 100 100 1 1 1 1 1 1 12 12 12 12 12 12 12 12 12 12 12 12 12 12 12 9 9 9 9 9 10 10 10 10 10 10 10 10 10 10 10 10 10 10 10 10 1
staticfield java/nio/Buffer $assertionsDisabled Z 1
ciInstanceKlass java/lang/Boolean 1 1 110 8 8 8 1 1 1 1 1 1 1 1 1 1 1 1 1 1 1 1 1 1 1 1 1 1 1 1 1 1 1 1 1 1 1 1 1 1 1 1 1 1 1 1 1 1 1 1 1 1 1 1 1 1 1 1 1 1 1 1 1 5 0 100 7 7 100 100 100 7 100 7 7 1 1 1 1 1 1 1 1 12 12 12 12 12 12 12 12 12 12 12 12 12 12 9 9 9 9 10 10 10 10 10 10 10 10 10 10 1
staticfield java/lang/Boolean TRUE Ljava/lang/Boolean; java/lang/Boolean
staticfield java/lang/Boolean FALSE Ljava/lang/Boolean; java/lang/Boolean
staticfield java/lang/Boolean TYPE Ljava/lang/Class; java/lang/Class
ciInstanceKlass java/lang/Character 1 1 459 3 3 3 3 3 3 3 3 8 8 7 1 1 1 1 1 1 1 1 1 1 1 1 1 1 1 1 1 1 1 1 1 1 1 1 1 1 1 1 1 1 1 1 1 1 1 1 1 1 1 1 1 1 1 1 1 1 1 1 1 1 1 1 1 1 1 1 1 1 1 1 1 1 1 1 1 1 1 1 1 1 1 1 1 1 1 1 1 1 1 1 1 1 1 1 1 1 1 1 1 1 1 1 1 1 1 1 1 1 1 1 1 1 1 1 1 1 1 1 1 1 1 1 1 1 1 1 1 1 1 1 1 1 1 1 1 1 1 1 1 1 1 1 1 1 1 1 1 1 1 1 1 1 1 1 1 1 1 1 1 1 1 1 1 1 1 1 1 1 1 1 1 1 1 1 1 1 1 1 1 1 1 1 1 1 1 1 1 1 1 1 1 1 1 1 1 1 1 1 1 1 1 1 1 1 1 1 1 1 1 1 1 1 1 1 1 1 1 1 1 1 1 1 1 3 3 3 3 3 3 3 3 3 3 3 3 3 3 3 3 3 3 3 3 3 3 3 3 3 3 3 3 3 3 3 3 3 3 3 3 3 5 0 5 0 100 100 7 7 100 100 100 7 100 7 100 100 100 100 7 100 100 100 1 1 1 1 1 1 1 1 1 1 1 1 1 1 1 12 12 12 12 12 12 12 12 12 12 12 12 12 12 12 12 12 12 12 12 12 12 12 12 12 12 12 12 12 12 12 12 12 12 12 12 12 12 12 12 12 12 12 12 12 12 12 12 12 12 12 12 12 12 12 12 12 12 12 12 12 12 12 12 12 12 12 12 9 9 9 9 9 10 10 10 10 10 10 10 10 10 10 10 10 10 10 10 10 10 10 10 10 10 10 10 10 10 10 10 10 10 10 10 10 10 10 10 10 10 10 10 10 10 10 10 10 10 10 10 10 10 10 10 10 10 10 10 10 10 10 10 10 10 10 10 10 10 10 10 10 10 10 10 10 10 10 10 10 10 10 10 10 11 11 1 1 1 1 1
staticfield java/lang/Character TYPE Ljava/lang/Class; java/lang/Class
staticfield java/lang/Character $assertionsDisabled Z 1
instanceKlass java/math/BigDecimal
instanceKlass java/math/BigInteger
instanceKlass java/util/concurrent/atomic/AtomicLong
instanceKlass java/util/concurrent/atomic/AtomicInteger
instanceKlass java/lang/Long
instanceKlass java/lang/Integer
instanceKlass java/lang/Short
instanceKlass java/lang/Byte
instanceKlass java/lang/Double
instanceKlass java/lang/Float
ciInstanceKlass java/lang/Number 1 1 34 1 1 1 1 1 1 1 1 1 1 1 1 1 1 1 1 1 1 1 1 1 1 1 5 0 100 100 7 12 12 10 10 1
ciInstanceKlass java/lang/Float 1 1 169 3 3 3 4 4 4 4 8 8 8 1 1 1 1 1 1 1 1 1 1 1 1 1 1 1 1 1 1 1 1 1 1 1 1 1 1 1 1 1 1 1 1 1 1 1 1 1 1 1 1 1 1 1 1 1 1 1 1 1 1 1 1 1 1 1 1 1 1 1 1 1 1 1 1 1 1 1 1 1 1 1 1 1 1 1 1 1 1 1 1 1 1 1 1 1 1 1 1 3 3 3 3 4 4 5 0 7 100 100 7 100 7 100 100 7 1 1 1 1 1 1 1 1 1 12 12 12 12 12 12 12 12 12 12 12 12 12 12 12 12 12 12 12 12 12 9 9 10 10 10 10 10 10 10 10 10 10 10 10 10 10 10 10 10 10 10 10 1
staticfield java/lang/Float TYPE Ljava/lang/Class; java/lang/Class
ciInstanceKlass java/lang/Double 1 1 223 8 8 8 8 8 8 8 8 8 8 1 1 1 1 1 1 1 1 1 1 1 1 1 1 1 1 1 1 1 1 1 1 1 1 1 1 1 1 1 1 1 1 1 1 1 1 1 1 1 1 1 1 1 1 1 1 1 1 1 1 1 1 1 1 1 1 1 1 1 1 1 1 1 1 1 1 1 1 1 1 1 1 1 1 1 1 1 1 1 1 1 1 1 1 1 1 1 1 1 1 1 1 1 1 1 1 1 1 1 1 1 3 3 3 3 5 0 5 0 5 0 5 0 5 0 6 0 6 0 6 0 6 0 6 0 6 0 6 0 7 100 7 100 100 7 100 100 100 100 1 1 1 1 1 1 1 1 1 1 1 12 12 12 12 12 12 12 12 12 12 12 12 12 12 12 12 12 12 12 12 12 12 12 12 12 12 12 12 12 12 9 9 10 10 10 10 10 10 10 10 10 10 10 10 10 10 10 10 10 10 10 10 10 10 10 10 10 10 10 10 10 1
staticfield java/lang/Double TYPE Ljava/lang/Class; java/lang/Class
ciInstanceKlass java/lang/Byte 1 1 153 8 8 8 8 8 1 1 1 1 1 1 1 1 1 1 1 1 1 1 1 1 1 1 1 1 1 1 1 1 1 1 1 1 1 1 1 1 1 1 1 1 1 1 1 1 1 1 1 1 1 1 1 1 1 1 1 1 1 1 1 1 1 1 1 1 1 1 1 1 1 1 1 1 1 1 1 1 3 3 3 3 5 0 5 0 7 7 7 100 100 7 100 100 1 1 1 1 1 1 1 1 1 1 1 1 1 1 12 12 12 12 12 12 12 12 12 12 12 12 12 12 12 12 12 12 12 12 12 9 9 9 10 10 10 10 10 10 10 10 10 10 10 10 10 10 10 10 10 10 10 1 1
staticfield java/lang/Byte TYPE Ljava/lang/Class; java/lang/Class
ciInstanceKlass java/lang/Short 1 1 159 3 3 8 8 8 8 8 1 1 1 1 1 1 1 1 1 1 1 1 1 1 1 1 1 1 1 1 1 1 1 1 1 1 1 1 1 1 1 1 1 1 1 1 1 1 1 1 1 1 1 1 1 1 1 1 1 1 1 1 1 1 1 1 1 1 1 1 1 1 1 1 1 1 1 1 1 1 1 1 1 1 3 3 3 3 5 0 5 0 7 100 100 7 100 7 7 100 1 1 1 1 1 1 1 1 1 1 1 1 1 1 12 12 12 12 12 12 12 12 12 12 12 12 12 12 12 12 12 12 12 12 12 12 9 9 9 10 10 10 10 10 10 10 10 10 10 10 10 10 10 10 10 10 10 10 10 1 1
staticfield java/lang/Short TYPE Ljava/lang/Class; java/lang/Class
ciInstanceKlass java/lang/Integer 1 1 313 3 3 3 3 3 3 3 3 3 3 3 3 3 3 3 8 8 8 8 8 8 8 8 8 8 8 8 8 8 8 8 1 1 1 1 1 1 1 1 1 1 1 1 1 1 1 1 1 1 1 1 1 1 1 1 1 1 1 1 1 1 1 1 1 1 1 1 1 1 1 1 1 1 1 1 1 1 1 1 1 1 1 1 1 1 1 1 1 1 1 1 1 1 1 1 1 1 1 1 1 1 1 1 1 1 1 1 1 1 1 1 1 1 1 1 1 1 1 1 1 1 1 1 1 1 1 1 1 1 1 1 1 1 1 1 1 1 1 1 1 1 1 1 1 1 1 1 1 1 1 1 1 1 1 1 1 1 1 1 1 1 1 1 1 1 1 1 1 1 1 1 3 3 5 0 5 0 5 0 100 7 7 100 100 7 7 100 7 100 7 100 100 100 7 100 7 1 1 1 1 1 1 1 1 1 1 1 1 1 1 1 1 1 12 12 12 12 12 12 12 12 12 12 12 12 12 12 12 12 12 12 12 12 12 12 12 12 12 12 12 12 12 12 12 12 12 12 12 12 12 12 12 12 12 12 12 12 12 12 12 12 9 9 9 9 9 9 9 9 10 10 10 10 10 10 10 10 10 10 10 10 10 10 10 10 10 10 10 10 10 10 10 10 10 10 10 10 10 10 10 10 10 10 10 10 10 10 10 10 10 1 1
staticfield java/lang/Integer TYPE Ljava/lang/Class; java/lang/Class
staticfield java/lang/Integer digits [C 36
staticfield java/lang/Integer DigitTens [C 100
staticfield java/lang/Integer DigitOnes [C 100
staticfield java/lang/Integer sizeTable [I 10
ciInstanceKlass java/lang/Long 1 1 360 3 3 8 8 8 8 8 8 8 8 8 8 8 8 8 8 8 8 8 1 1 1 1 1 1 1 1 1 1 1 1 1 1 1 1 1 1 1 1 1 1 1 1 1 1 1 1 1 1 1 1 1 1 1 1 1 1 1 1 1 1 1 1 1 1 1 1 1 1 1 1 1 1 1 1 1 1 1 1 1 1 1 1 1 1 1 1 1 1 1 1 1 1 1 1 1 1 1 1 1 1 1 1 1 1 1 1 1 1 1 1 1 1 1 1 1 1 1 1 1 1 1 1 1 1 1 1 1 1 1 1 1 1 1 1 1 1 1 1 1 1 1 1 1 1 1 1 1 1 1 1 1 1 1 1 1 1 1 1 1 1 1 1 1 1 3 3 5 0 5 0 5 0 5 0 5 0 5 0 5 0 5 0 5 0 5 0 5 0 5 0 5 0 5 0 5 0 100 100 7 100 100 7 7 7 7 100 7 100 100 100 7 100 100 100 1 1 1 1 1 1 1 1 1 1 1 1 1 1 1 1 1 1 1 1 1 1 12 12 12 12 12 12 12 12 12 12 12 12 12 12 12 12 12 12 12 12 12 12 12 12 12 12 12 12 12 12 12 12 12 12 12 12 12 12 12 12 12 12 12 12 12 12 12 12 12 12 12 12 12 12 12 12 12 12 12 9 9 9 9 9 9 10 10 10 10 10 10 10 10 10 10 10 10 10 10 10 10 10 10 10 10 10 10 10 10 10 10 10 10 10 10 10 10 10 10 10 10 10 10 10 10 10 10 10 10 10 10 10 10 10 10 10 10 10 10 10 1 1
staticfield java/lang/Long TYPE Ljava/lang/Class; java/lang/Class
ciInstanceKlass java/lang/NullPointerException 1 1 21 1 1 1 1 1 1 1 1 1 1 1 5 0 100 7 12 12 10 10 1
ciInstanceKlass java/lang/ArithmeticException 1 1 21 1 1 1 1 1 1 1 1 1 1 1 5 0 100 100 12 12 10 10 1
ciInstanceKlass java/util/List 1 1 112 1 1 1 1 1 1 1 1 1 1 1 1 1 1 1 1 1 1 1 1 1 1 1 1 1 1 1 1 1 1 1 1 1 1 1 1 1 1 1 1 1 1 1 1 1 1 1 1 1 1 1 1 100 100 100 100 100 100 100 100 100 100 1 1 1 1 1 1 1 1 1 1 1 1 1 1 1 1 1 1 1 1 1 1 1 1 1 1 1 1 1 1 12 12 12 12 12 12 12 12 12 10 10 10 11 11 11 11 11 11 1
instanceKlass java/util/LinkedHashMap$LinkedValues
instanceKlass java/util/HashMap$Values
instanceKlass java/util/AbstractQueue
instanceKlass java/util/ArrayDeque
instanceKlass java/util/AbstractSet
instanceKlass java/util/AbstractList
ciInstanceKlass java/util/AbstractCollection 1 1 143 3 3 8 8 8 1 1 1 1 1 1 1 1 1 1 1 1 1 1 1 1 1 1 1 1 1 1 1 1 1 1 1 1 1 1 1 1 1 1 1 1 1 1 1 1 1 1 1 1 1 1 1 1 1 1 1 1 1 1 1 1 1 1 1 1 7 7 7 100 100 100 100 7 7 100 7 7 100 1 1 1 1 1 1 1 1 1 1 1 1 1 1 1 1 1 12 12 12 12 12 12 12 12 12 12 12 12 12 12 12 12 12 12 12 12 12 10 10 10 10 10 10 10 10 10 10 10 10 10 10 10 10 10 10 10 10 11 11 11 11 11 1
instanceKlass java/util/Collections$SingletonList
instanceKlass java/util/SubList
instanceKlass java/util/ArrayList$SubList
instanceKlass java/util/AbstractSequentialList
instanceKlass java/util/Arrays$ArrayList
instanceKlass java/util/Collections$EmptyList
instanceKlass java/util/ArrayList
instanceKlass java/util/Vector
ciInstanceKlass java/util/AbstractList 1 1 167 8 8 1 1 1 1 1 1 1 1 1 1 1 1 1 1 1 1 1 1 1 1 1 1 1 1 1 1 1 1 1 1 1 1 1 1 1 1 1 1 1 1 1 1 1 1 1 1 1 1 1 1 1 1 1 1 1 1 1 1 1 1 1 1 1 1 1 1 1 100 100 100 100 7 7 100 7 7 100 100 100 100 7 7 100 1 1 1 1 1 1 1 1 1 1 1 1 1 1 1 1 1 1 1 1 12 12 12 12 12 12 12 12 12 12 12 12 12 12 12 12 12 12 12 12 12 12 12 12 12 12 9 10 10 10 10 10 10 10 10 10 10 10 10 10 10 10 10 10 10 10 10 10 11 11 11 11 11 11 11 11 11 11 11 1 1
instanceKlass org/jacoco/agent/rt/internal_4742761/asm/tree/MethodNode$1
ciInstanceKlass java/util/ArrayList 1 1 356 3 3 8 8 8 8 8 8 8 8 7 7 1 1 1 1 1 1 1 1 1 1 1 1 1 1 1 1 1 1 1 1 1 1 1 1 1 1 1 1 1 1 1 1 1 1 1 1 1 1 1 1 1 1 1 1 1 1 1 1 1 1 1 1 1 1 1 1 1 1 1 1 1 1 1 1 1 1 1 1 1 1 1 1 1 1 1 1 1 1 1 1 1 1 1 1 1 1 1 1 1 1 1 1 1 1 1 1 1 1 1 1 1 1 1 1 1 1 1 1 1 1 1 1 1 1 1 1 1 1 1 1 1 1 1 1 1 1 1 1 1 1 1 1 1 1 1 1 1 1 1 1 1 3 5 0 100 100 100 100 100 100 100 100 100 100 7 7 100 100 7 100 7 100 7 100 7 7 100 7 100 100 100 100 100 100 100 100 100 1 1 1 1 1 1 1 1 1 1 1 1 1 1 1 1 1 1 1 1 1 1 1 1 1 1 1 1 1 1 1 1 1 1 1 1 1 1 1 1 1 1 1 1 1 1 1 1 1 1 1 12 12 12 12 12 12 12 12 12 12 12 12 12 12 12 12 12 12 12 12 12 12 12 12 12 12 12 12 12 12 12 12 12 12 12 12 12 12 12 12 12 12 12 12 12 12 12 12 12 12 12 12 12 9 9 9 9 9 10 10 10 10 10 10 10 10 10 10 10 10 10 10 10 10 10 10 10 10 10 10 10 10 10 10 10 10 10 10 10 10 10 10 10 10 10 10 10 10 10 10 10 10 10 10 11 11 11 11 11 11 1 1 1 1 1
staticfield java/util/ArrayList EMPTY_ELEMENTDATA [Ljava/lang/Object; 0 [Ljava/lang/Object;
staticfield java/util/ArrayList DEFAULTCAPACITY_EMPTY_ELEMENTDATA [Ljava/lang/Object; 0 [Ljava/lang/Object;
ciInstanceKlass java/lang/Math 1 1 281 3 3 3 3 3 3 4 4 4 4 4 8 8 7 1 1 1 1 1 1 1 1 1 1 1 1 1 1 1 1 1 1 1 1 1 1 1 1 1 1 1 1 1 1 1 1 1 1 1 1 1 1 1 1 1 1 1 1 1 1 1 1 1 1 1 1 1 1 1 1 1 1 1 1 1 1 1 1 1 1 1 1 1 1 1 1 1 1 1 1 1 1 1 1 1 1 1 1 1 1 1 1 1 1 1 1 1 1 1 1 1 1 1 1 1 1 1 1 1 1 1 1 1 1 1 5 0 5 0 5 0 5 0 5 0 5 0 5 0 5 0 5 0 5 0 6 0 6 0 6 0 6 0 6 0 6 0 6 0 6 0 6 0 100 100 7 7 7 100 100 7 100 1 12 12 12 12 12 12 12 12 12 12 12 12 12 12 12 12 12 12 12 12 12 12 12 12 12 12 12 12 12 12 12 12 12 12 12 12 12 12 12 12 12 12 12 12 12 12 12 12 12 12 12 12 9 9 9 9 9 9 10 10 10 10 10 10 10 10 10 10 10 10 10 10 10 10 10 10 10 10 10 10 10 10 10 10 10 10 10 10 10 10 10 10 10 10 10 10 10 10 10 10 10 10 10 10 10 1 1
staticfield java/lang/Math $assertionsDisabled Z 1
ciInstanceKlass java/util/Arrays 1 1 800 3 8 8 8 8 8 8 8 8 100 100 100 100 100 100 7 100 100 7 1 1 1 1 1 1 1 1 1 1 1 1 1 1 1 1 1 1 1 1 1 1 1 1 1 1 1 1 1 1 1 1 1 1 1 1 1 1 1 1 1 1 1 1 1 1 1 1 1 1 1 1 1 1 1 1 1 1 1 1 1 1 1 1 1 1 1 1 1 1 1 1 1 1 1 1 1 1 1 1 1 1 1 1 1 1 1 1 1 1 1 1 1 1 1 1 1 1 1 1 1 1 1 1 1 1 1 1 1 1 1 1 1 1 1 1 1 1 1 1 1 1 1 1 1 1 1 1 1 1 1 1 1 1 1 1 1 1 1 1 1 1 1 1 1 1 1 1 1 1 1 1 1 1 1 1 1 1 1 1 1 1 1 1 1 1 1 1 1 1 1 1 1 1 1 1 1 1 1 1 1 1 1 1 1 1 1 1 1 1 1 1 1 1 1 1 1 1 1 1 1 1 1 1 1 1 1 1 1 1 1 1 1 1 1 1 1 1 1 1 1 1 1 1 1 1 1 1 1 1 1 1 1 1 1 1 1 1 1 1 1 1 1 1 1 1 1 1 1 1 1 1 1 1 1 1 3 3 100 100 100 7 7 100 100 100 7 7 100 100 7 100 100 100 7 100 100 100 100 100 7 7 100 100 100 100 100 100 100 100 100 100 100 100 100 100 100 100 100 100 7 100 100 100 100 100 100 100 100 100 100 7 100 100 100 100 100 100 100 1 1 1 1 1 1 1 1 1 1 1 1 1 1 1 1 1 1 1 1 1 1 1 1 1 1 1 1 1 1 1 1 1 1 1 1 1 1 1 1 1 1 1 1 1 1 1 1 1 1 1 1 1 1 1 1 1 1 1 1 1 1 1 1 1 1 1 1 1 1 1 1 1 1 1 1 1 1 1 1 1 1 1 1 1 1 1 1 1 1 1 1 1 1 1 1 1 1 1 1 1 1 1 1 1 1 1 1 1 1 1 1 1 1 1 1 1 1 1 1 1 1 1 1 1 1 1 1 1 1 1 1 12 12 12 12 12 12 12 12 12 12 12 12 12 12 12 12 12 12 12 12 12 12 12 12 12 12 12 12 12 12 12 12 12 12 12 12 12 12 12 12 12 12 12 12 12 12 12 12 12 12 12 12 12 12 12 12 12 12 12 12 12 12 12 12 12 12 12 12 12 12 12 12 12 12 12 12 12 12 12 12 12 12 12 12 12 12 12 12 12 12 12 12 12 12 12 12 12 12 12 12 12 12 12 12 12 12 12 12 12 12 12 12 12 12 12 12 12 12 12 12 12 12 12 12 12 12 12 12 12 12 12 12 12 12 12 12 12 12 12 12 12 12 12 9 9 10 10 10 10 10 10 10 10 10 10 10 10 10 10 10 10 10 10 10 10 10 10 10 10 10 10 10 10 10 10 10 10 10 10 10 10 10 10 10 10 10 10 10 10 10 10 10 10 10 10 10 10 10 10 10 10 10 10 10 10 10 10 10 10 10 10 10 10 10 10 10 10 10 10 10 10 10 10 10 10 10 10 10 10 10 10 10 10 10 10 10 10 10 10 10 10 10 10 10 10 10 10 10 10 10 10 10 10 10 10 10 10 10 10 10 10 10 10 10 10 10 10 10 10 10 10 10 10 10 10 10 10 10 10 10 10 10 10 10 10 10 11 11 11 11 11 11 11 11 11 11 11 11 15 15 15 15 15 16 18 18 18 18 1 1 1 1 1 1 1 1 1 1 1 1 1 1 1 1 1 1 1 1 1
staticfield java/util/Arrays $assertionsDisabled Z 1
instanceKlass java/lang/NumberFormatException
ciInstanceKlass java/lang/IllegalArgumentException 1 1 27 1 1 1 1 1 1 1 1 1 1 1 1 5 0 100 100 1 12 12 12 12 10 10 10 10 1
ciInstanceKlass java/util/BitSet 1 1 393 8 8 8 8 8 8 8 8 8 7 7 1 1 1 1 1 1 1 1 1 1 1 1 1 1 1 1 1 1 1 1 1 1 1 1 1 1 1 1 1 1 1 1 1 1 1 1 1 1 1 1 1 1 1 1 1 1 1 1 1 1 1 1 1 1 1 1 1 1 1 1 1 1 1 1 1 1 1 1 1 1 1 1 1 1 1 1 1 1 1 1 1 1 1 1 1 1 1 1 1 1 1 1 1 1 1 1 1 1 1 1 1 1 1 1 1 1 1 1 1 1 1 1 1 1 1 1 1 1 1 1 1 1 1 1 1 1 1 1 1 1 1 1 1 1 1 1 1 1 1 1 1 1 1 1 1 1 1 1 1 1 1 1 1 1 1 1 1 3 3 3 5 0 5 0 5 0 5 0 100 100 100 100 100 100 7 100 100 7 100 100 100 100 100 100 100 100 7 100 100 100 100 100 100 100 100 100 100 100 100 100 100 100 100 1 1 1 1 1 1 1 1 1 1 1 1 1 1 1 1 1 1 1 1 1 1 1 1 1 1 1 1 1 1 1 12 12 12 12 12 12 12 12 12 12 12 12 12 12 12 12 12 12 12 12 12 12 12 12 12 12 12 12 12 12 12 12 12 12 12 12 12 12 12 12 12 12 12 12 12 12 12 12 12 12 12 12 12 12 12 12 12 12 12 12 12 12 12 12 12 12 9 9 9 9 9 9 10 10 10 10 10 10 10 10 10 10 10 10 10 10 10 10 10 10 10 10 10 10 10 10 10 10 10 10 10 10 10 10 10 10 10 10 10 10 10 10 10 10 10 10 10 10 10 10 10 10 10 10 10 10 10 10 10 10 10 10 10 10 10 10 10 15 15 16 16 18 1 1 1 1 1
staticfield java/util/BitSet serialPersistentFields [Ljava/io/ObjectStreamField; 1 [Ljava/io/ObjectStreamField;
staticfield java/util/BitSet $assertionsDisabled Z 1
instanceKlass org/junit/ComparisonFailure
ciInstanceKlass java/lang/AssertionError 0 0 65 1 1 1 1 1 1 1 1 1 1 1 1 1 1 1 1 1 1 1 1 1 1 1 1 1 5 0 100 100 100 100 100 1 1 1 1 1 1 1 1 12 12 12 12 12 12 12 12 12 12 12 10 10 10 10 10 10 10 10 10 10 10 10 1
ciInstanceKlass org/jacoco/agent/rt/internal_4742761/asm/ClassReader 1 1 1052 1 7 1 7 1 1 1 3 1 3 1 3 1 3 1 3 1 3 1 3 1 1 1 1 1 1 1 1 1 1 1 1 1 1 1 1 12 10 1 1 1 1 12 10 1 1 1 12 10 12 9 12 9 1 1 12 10 1 100 1 100 10 1 8 1 1 12 10 1 12 10 1 1 12 10 1 12 10 1 1 12 10 12 9 1 7 12 9 10 12 9 12 9 1 100 12 9 1 1 12 10 12 9 1 1 1 1 1 1 1 1 1 1 1 100 1 1 12 10 12 10 1 1 1 1 12 10 1 8 1 100 1 1 12 10 1 1 1 100 1 8 10 1 1 12 10 1 100 10 1 100 1 1 12 10 1 12 10 1 12 10 1 12 10 10 1 1 12 10 1 1 1 1 1 1 1 1 12 10 1 100 1 1 12 10 1 1 1 1 1 12 10 1 1 1 1 1 1 1 1 1 1 1 1 7 1 12 10 1 1 1 1 7 10 1 1 12 9 12 9 12 9 1 12 10 1 12 10 1 12 10 1 8 1 1 12 10 1 8 1 8 1 8 1 8 1 8 1 8 1 8 1 8 1 8 3 1 8 1 8 1 1 12 10 1 8 1 8 1 8 3 1 8 1 8 1 8 1 8 1 1 12 10 1 1 12 9 1 7 1 1 12 10 1 1 12 10 1 1 12 10 1 12 10 1 1 12 10 1 1 12 10 1 1 12 10 1 1 12 10 1 12 9 1 1 12 9 1 1 12 10 1 1 12 10 1 12 10 1 12 10 1 1 12 10 1 1 12 10 1 12 10 1 12 10 1 12 10 1 1 1 1 1 1 1 1 1 1 1 1 1 1 1 1 1 1 1 1 1 1 1 1 1 1 1 1 1 1 1 1 1 1 1 1 1 1 1 1 1 1 12 10 1 1 12 10 1 100 1 12 10 1 12 10 1 12 10 1 1 12 10 1 1 12 10 1 12 10 1 12 10 1 1 12 10 10 1 1 1 1 1 1 1 1 1 1 1 1 1 1 1 1 1 1 1 1 1 1 1 1 1 1 1 1 1 12 10 1 100 10 10 10 10 1 1 1 1 1 1 8 1 1 12 10 1 1 12 10 1 7 10 10 10 10 1 1 1 1 1 1 1 12 9 1 12 9 1 12 9 1 8 1 8 1 8 1 8 1 8 1 8 12 10 1 1 12 10 1 7 1 1 12 10 1 1 12 10 1 12 10 1 7 1 1 12 10 1 1 12 10 1 1 12 10 1 7 10 10 10 1 1 12 10 10 1 12 10 1 1 12 10 10 1 1 1 1 1 1 1 1 1 1 1 1 1 1 1 1 1 1 1 1 7 1 1 12 9 1 1 12 10 1 1 12 10 1 8 1 1 12 10 1 8 1 8 1 1 12 10 1 1 12 10 1 8 1 8 1 12 9 1 12 9 1 12 9 1 12 9 1 1 12 9 1 12 9 1 12 9 1 1 12 10 1 1 12 10 1 1 12 10 1 12 10 1 12 10 1 1 12 10 1 12 10 1 12 10 1 1 12 10 1 12 10 1 1 12 10 1 1 12 10 1 12 10 1 1 12 10 1 1 12 10 1 1 12 10 1 7 1 1 12 10 1 1 12 10 1 12 10 1 100 10 1 12 10 1 1 12 10 1 1 12 10 1 12 9 1 12 9 1 12 9 1 1 12 10 1 12 10 1 1 1 1 1 1 1 1 1 1 1 1 1 1 1 1 1 1 1 1 1 1 1 1 1 1 1 1 1 1 1 1 1 1 1 1 1 1 1 1 1 1 1 1 1 1 1 1 1 1 1 1 1 1 1 1 1 1 1 1 1 1 1 1 1 10 12 10 1 1 12 9 1 1 100 1 12 10 1 12 10 1 1 1 1 1 1 1 1 3 3 3 1 1 12 10 1 1 12 10 1 1 1 1 1 1 1 100 1 1 12 10 1 12 10 1 100 1 12 10 1 100 1 12 10 1 100 1 1 12 9 1 12 9 1 12 10 1 7 1 1 12 10 1 12 10 1 1 12 10 1 1 12 10 1 100 1 1 12 10 1 100 1 1 12 10 1 1 1 1 1 1 1 1 1 1 1 1 1 1 1 8 1 7 1 1 12 9 1 1 12 10 1 12 9 1 12 9 1 12 9 1 12 9 1 1 12 10 1 1 1 1 1 1 1 12 10 1 1 1 1 1 1 1 1 1 1 12 9 1 12 9 1 1 1 1 1 1 12 9 1 12 10 10 1 1 1 1 1 1 5 0 1 1 1 1 1 12 10 1 1 1 1 1 1 12 10 1 1 12 10 1 1 1 7 1 12 10 1 12 10 1 7 1 12 10 1 12 10 1 12 10 1 12 10 12 10 12 10 1 1
instanceKlass org/jacoco/agent/rt/internal_4742761/core/internal/flow/LabelFlowAnalyzer
instanceKlass org/jacoco/agent/rt/internal_4742761/asm/commons/AnalyzerAdapter
instanceKlass org/jacoco/agent/rt/internal_4742761/core/internal/flow/MethodProbesAdapter
instanceKlass org/jacoco/agent/rt/internal_4742761/core/internal/instr/ProbeInserter
instanceKlass org/jacoco/agent/rt/internal_4742761/core/internal/instr/DuplicateFrameEliminator
instanceKlass org/jacoco/agent/rt/internal_4742761/core/internal/flow/MethodProbesVisitor
instanceKlass org/jacoco/agent/rt/internal_4742761/asm/tree/MethodNode
instanceKlass org/jacoco/agent/rt/internal_4742761/asm/MethodWriter
ciInstanceKlass org/jacoco/agent/rt/internal_4742761/asm/MethodVisitor 1 1 252 1 7 1 7 1 1 1 1 8 1 1 1 1 1 1 1 12 10 1 1 12 10 3 3 3 3 3 3 3 1 100 1 100 10 1 8 1 1 12 10 1 12 10 1 1 12 10 1 12 10 1 100 1 1 12 10 12 9 12 9 1 1 1 1 1 1 100 10 12 10 1 1 1 1 12 10 1 1 12 10 1 1 1 1 1 12 10 1 1 1 1 1 12 10 1 1 1 12 10 1 1 1 12 10 1 1 1 12 10 1 1 12 10 1 1 1 1 1 1 1 12 10 1 1 1 12 10 1 1 12 10 1 1 1 12 10 1 1 12 10 1 1 1 1 12 10 1 1 8 12 10 1 1 1 12 10 1 1 1 1 1 12 10 1 1 1 1 12 10 1 1 100 1 100 1 1 12 10 1 100 1 8 12 10 1 1 1 12 10 1 1 1 12 10 1 1 1 1 1 1 1 12 10 1 1 1 12 10 1 1 12 10 1 1 12 10 1 1 1 1 12 10 1 1 12 10 1 1 1 1 12 10 1 12 10 1 1 12 10 1 1 1 12 10 1 1 1 1 1 1 1
instanceKlass org/jacoco/agent/rt/internal_4742761/asm/tree/AnnotationNode
instanceKlass org/jacoco/agent/rt/internal_4742761/asm/AnnotationWriter
ciInstanceKlass org/jacoco/agent/rt/internal_4742761/asm/AnnotationVisitor 1 1 88 1 7 1 7 1 1 1 1 1 1 1 1 12 10 1 1 12 10 3 3 3 3 3 3 3 1 100 1 100 10 1 8 1 1 12 10 1 12 10 1 1 12 10 1 12 10 1 100 1 1 12 10 12 9 12 9 1 1 1 1 1 12 10 1 1 1 1 1 1 12 10 1 1 1 12 10 1 1 12 10 1 12 10 1 1 1 1
ciInstanceKlass org/jacoco/agent/rt/internal_4742761/asm/Attribute 1 1 137 1 100 1 100 1 1 100 1 1 1 1 1 1 1 1 1 1 12 10 12 9 1 1 1 1 1 1 1 100 1 1 12 10 12 9 1 100 1 12 9 1 100 1 1 12 10 1 1 1 1 1 1 1 1 1 1 1 1 1 1 7 1 12 10 1 1 1 1 1 1 1 1 12 9 1 1 1 1 12 10 1 1 1 7 12 9 1 1 12 10 12 10 12 9 1 1 1 12 10 1 8 1 8 3 1 8 1 1 1 1 1 12 10 1 1 1 1 12 10 1 12 10 1 12 9 1 1 12 10 1 1 1 1 1 1 1
ciInstanceKlass org/jacoco/agent/rt/internal_4742761/asm/Context 1 1 43 1 100 1 7 1 1 1 1 1 1 1 1 1 1 1 1 1 1 1 1 1 1 1 1 1 1 1 1 1 1 1 1 1 1 12 10 1 1 1 1 1 1
ciInstanceKlass org/jacoco/agent/rt/internal_4742761/asm/Opcodes 1 1 467 1 7 1 100 1 1 1 3 1 3 1 3 1 3 1 3 1 3 1 3 1 1 3 1 1 3 1 3 1 3 1 3 1 3 1 3 1 3 1 3 1 3 1 3 1 3 1 3 1 3 1 3 1 3 1 3 1 3 1 3 1 3 1 3 1 3 1 3 1 3 1 3 1 3 1 3 1 3 1 3 1 3 1 1 1 1 1 1 1 3 1 1 1 3 1 3 1 3 1 3 1 3 1 3 1 3 1 1 3 1 3 1 1 3 1 3 1 3 1 1 3 1 3 1 3 1 1 1 3 1 1 1 1 1 1 1 3 1 3 1 1 1 1 1 1 1 1 1 1 1 1 1 1 1 1 1 1 1 1 1 1 1 1 1 3 1 3 1 3 1 3 1 1 3 1 3 1 3 1 3 1 3 1 3 1 3 1 1 1 1 1 1 1 1 1 1 1 1 1 1 3 1 3 1 3 1 3 1 3 1 3 1 3 1 3 1 3 1 3 1 3 1 3 1 3 1 3 1 3 1 3 1 3 1 3 1 3 1 3 1 3 1 3 1 3 1 3 1 3 1 3 1 3 1 3 1 3 1 3 1 3 1 3 1 3 1 3 1 3 1 3 1 3 1 3 1 3 1 3 1 3 1 3 1 3 1 3 1 3 1 3 1 3 1 3 1 3 1 1 3 1 3 1 3 1 3 1 3 1 3 1 3 1 3 1 3 1 3 1 3 1 3 1 3 1 3 1 3 1 3 1 3 1 3 1 3 1 3 1 3 1 3 1 3 1 3 1 3 1 3 1 3 1 3 1 3 1 3 1 3 1 3 1 3 1 3 1 3 1 3 1 3 1 3 1 3 1 3 1 3 1 3 1 3 1 3 1 3 1 3 1 3 1 3 1 3 1 3 1 3 1 3 1 3 1 3 1 3 1 3 1 3 1 3 1 3 1 3 1 3 1 3 1 3 1 3 1 3 1 3 1 3 1 3 1 3 1 3 1 1 1 7 1 1 12 10 12 9 12 9 12 9 12 9 12 9 12 9 12 9 1 1 1 1 1 1
staticfield org/jacoco/agent/rt/internal_4742761/asm/Opcodes TOP Ljava/lang/Integer; java/lang/Integer
staticfield org/jacoco/agent/rt/internal_4742761/asm/Opcodes INTEGER Ljava/lang/Integer; java/lang/Integer
staticfield org/jacoco/agent/rt/internal_4742761/asm/Opcodes FLOAT Ljava/lang/Integer; java/lang/Integer
staticfield org/jacoco/agent/rt/internal_4742761/asm/Opcodes DOUBLE Ljava/lang/Integer; java/lang/Integer
staticfield org/jacoco/agent/rt/internal_4742761/asm/Opcodes LONG Ljava/lang/Integer; java/lang/Integer
staticfield org/jacoco/agent/rt/internal_4742761/asm/Opcodes NULL Ljava/lang/Integer; java/lang/Integer
staticfield org/jacoco/agent/rt/internal_4742761/asm/Opcodes UNINITIALIZED_THIS Ljava/lang/Integer; java/lang/Integer
instanceKlass org/jacoco/agent/rt/internal_4742761/asm/commons/JSRInlinerAdapter
ciInstanceKlass org/jacoco/agent/rt/internal_4742761/asm/tree/MethodNode 1 1 519 1 7 1 7 1 1 7 1 1 1 1 1 1 1 1 1 1 1 1 1 1 1 1 1 1 1 1 1 1 1 1 1 1 1 1 1 1 1 1 1 1 1 1 1 1 1 1 1 1 3 1 12 10 1 7 1 1 12 10 1 100 12 10 1 1 10 1 7 10 12 9 1 1 1 12 10 1 1 12 9 12 9 12 9 12 9 1 7 1 1 12 10 12 9 1 7 10 12 9 10 12 9 1 1 12 9 1 100 12 10 1 7 1 1 12 11 1 1 1 7 1 12 10 1 12 10 1 1 1 12 10 12 9 1 12 10 12 9 1 1 1 1 1 1 100 1 12 10 12 9 12 9 1 1 1 1 1 1 1 12 9 12 9 1 1 1 12 9 1 7 1 1 12 10 12 9 1 1 1 1 12 9 1 1 1 1 1 1 7 1 1 12 10 12 10 1 12 10 1 1 1 1 1 1 1 1 7 10 1 1 1 1 7 12 10 1 1 1 7 10 1 1 1 1 7 12 10 1 1 1 7 12 10 1 1 1 12 9 3 12 10 1 7 12 10 1 1 1 1 1 7 12 10 1 1 1 1 1 1 7 1 1 12 10 1 12 10 1 1 1 1 1 1 1 7 12 10 1 1 1 7 10 1 1 1 1 7 1 12 10 1 12 10 1 1 1 1 1 1 1 1 7 1 12 10 1 1 1 1 100 10 1 1 1 1 12 10 1 100 1 1 12 10 1 12 10 9 9 1 1 1 1 1 7 1 12 10 1 1 1 1 1 1 3 1 1 12 11 9 9 1 1 1 7 1 12 10 1 1 1 1 1 1 100 1 12 10 12 9 12 9 1 1 1 1 7 10 1 1 12 9 12 9 1 1 7 1 12 9 1 7 10 1 1 1 1 1 1 1 3 1 1 12 11 1 100 10 1 12 11 10 1 12 10 1 12 9 12 9 1 12 9 1 100 1 12 10 3 1 100 1 1 1 1 100 1 12 11 100 1 100 1 1 12 10 1 12 10 1 1 1 1 1 10 12 9 12 10 1 12 10 1 7 12 10 9 12 10 1 12 10 12 9 12 9 9 12 10 10 12 10 12 10 12 9 1 12 10 1 100 12 10 12 10 1 12 10 10 10 10 1 12 10 12 10 10 1 1 1 1 1 1 1 1 1 1 1 1
instanceKlass org/jacoco/agent/rt/internal_4742761/core/internal/flow/MethodSanitizer
ciInstanceKlass org/jacoco/agent/rt/internal_4742761/asm/commons/JSRInlinerAdapter 1 1 379 1 7 1 7 1 100 1 1 100 1 7 1 1 100 1 1 1 1 1 1 1 1 1 3 1 12 10 1 100 1 1 12 10 1 100 1 12 10 1 1 1 1 1 1 1 1 1 1 1 1 1 12 10 1 7 10 12 9 1 7 10 12 9 12 9 1 12 9 1 1 1 12 10 1 1 12 9 1 7 1 1 12 10 1 7 1 1 12 9 1 1 12 11 1 1 12 11 1 1 1 1 1 1 12 11 1 12 10 1 12 10 1 1 12 10 1 1 12 10 1 1 12 11 1 100 1 1 12 11 1 100 1 12 11 1 1 12 11 1 12 11 1 100 1 12 11 1 1 12 10 1 1 1 1 1 1 1 12 10 1 1 12 9 1 100 11 1 100 1 12 9 1 1 12 10 1 12 9 1 12 9 1 1 12 10 1 1 1 1 1 1 1 1 1 1 1 12 10 1 1 12 10 1 12 10 1 100 1 12 10 1 12 10 1 100 1 12 9 1 12 9 1 100 9 9 1 1 1 1 1 1 1 1 1 1 1 100 10 1 12 10 1 12 10 10 1 100 10 10 1 12 10 1 1 12 10 1 12 9 1 1 1 1 1 1 1 1 1 1 1 1 1 12 10 1 12 10 1 1 12 10 12 9 1 12 9 1 12 9 1 100 1 100 10 1 8 1 1 12 10 1 12 10 1 8 1 1 12 10 1 12 10 1 12 10 1 12 11 1 12 10 1 100 12 10 11 1 1 12 10 1 100 1 8 1 12 10 1 12 9 1 12 10 1 100 9 9 12 9 1 12 9 12 9 1 12 9 1 12 10 1 1 1 1 1 1 1 1 1 1 1 1 1 1 1 1 1 1
instanceKlass org/jacoco/agent/rt/internal_4742761/core/internal/flow/ClassProbesAdapter$2
ciInstanceKlass org/jacoco/agent/rt/internal_4742761/core/internal/flow/MethodSanitizer 1 1 47 1 100 1 7 1 1 1 3 1 12 10 1 1 1 1 1 1 1 1 1 1 1 1 1 1 1 7 1 1 12 9 12 10 1 1 1 1 1 1 12 10 1 1 1 1 1
ciInstanceKlass org/jacoco/agent/rt/internal_4742761/core/internal/flow/ClassProbesAdapter$2 1 1 93 1 7 1 7 1 1 7 1 1 12 1 1 1 1 1 1 12 9 12 9 1 12 10 1 1 1 1 1 1 1 1 1 1 1 1 1 1 12 10 1 7 1 1 12 10 1 7 1 12 10 1 1 12 10 1 7 1 1 12 10 1 12 9 1 12 9 1 12 9 1 12 10 1 1 12 10 1 7 1 1 12 10 1 1 1 1 1 1 1 1 1 1
ciInstanceKlass org/jacoco/agent/rt/internal_4742761/asm/Type 1 1 362 1 7 1 7 1 1 1 3 1 3 1 3 1 3 1 3 1 3 1 3 1 3 1 3 1 3 1 3 1 3 1 3 1 1 1 8 1 1 1 1 1 1 1 1 1 1 1 1 1 1 1 1 1 12 10 12 9 12 9 12 9 12 9 1 1 1 1 7 1 1 12 10 1 1 12 10 1 1 1 1 100 1 1 12 10 1 100 1 1 12 9 12 9 1 100 9 12 9 1 100 9 12 9 1 100 9 12 9 1 100 9 12 9 1 100 9 12 9 1 100 9 12 9 1 100 9 12 9 1 100 9 12 9 1 100 10 1 1 12 10 12 10 1 1 1 1 1 1 12 10 1 1 1 1 1 1 12 10 1 1 1 1 1 12 10 1 1 1 1 12 10 12 10 1 1 1 1 1 12 10 1 1 1 1 1 1 12 10 1 12 10 1 1 12 10 1 1 12 10 1 7 1 12 10 1 1 1 1 1 1 1 100 1 1 12 10 12 10 1 1 1 1 1 1 12 10 1 12 10 1 12 10 1 100 1 7 10 1 8 1 1 12 10 1 12 10 1 12 10 1 1 1 1 1 8 1 8 1 8 1 8 1 8 1 8 1 8 1 8 1 8 12 10 12 10 10 1 8 1 1 12 10 1 1 12 10 1 1 1 1 1 12 10 1 12 10 1 1 12 10 1 1 100 10 1 8 1 1 1 12 10 1 1 12 10 1 1 12 10 1 12 10 12 10 1 1 1 1 1 1 1 12 10 1 1 1 1 1 1 100 10 1 1 1 1 1 1 1 1 1 1 1 1 1 1 1 1 1 1 1 1
staticfield org/jacoco/agent/rt/internal_4742761/asm/Type VOID_TYPE Lorg/jacoco/agent/rt/internal_4742761/asm/Type; org/jacoco/agent/rt/internal_4742761/asm/Type
staticfield org/jacoco/agent/rt/internal_4742761/asm/Type BOOLEAN_TYPE Lorg/jacoco/agent/rt/internal_4742761/asm/Type; org/jacoco/agent/rt/internal_4742761/asm/Type
staticfield org/jacoco/agent/rt/internal_4742761/asm/Type CHAR_TYPE Lorg/jacoco/agent/rt/internal_4742761/asm/Type; org/jacoco/agent/rt/internal_4742761/asm/Type
staticfield org/jacoco/agent/rt/internal_4742761/asm/Type BYTE_TYPE Lorg/jacoco/agent/rt/internal_4742761/asm/Type; org/jacoco/agent/rt/internal_4742761/asm/Type
staticfield org/jacoco/agent/rt/internal_4742761/asm/Type SHORT_TYPE Lorg/jacoco/agent/rt/internal_4742761/asm/Type; org/jacoco/agent/rt/internal_4742761/asm/Type
staticfield org/jacoco/agent/rt/internal_4742761/asm/Type INT_TYPE Lorg/jacoco/agent/rt/internal_4742761/asm/Type; org/jacoco/agent/rt/internal_4742761/asm/Type
staticfield org/jacoco/agent/rt/internal_4742761/asm/Type FLOAT_TYPE Lorg/jacoco/agent/rt/internal_4742761/asm/Type; org/jacoco/agent/rt/internal_4742761/asm/Type
staticfield org/jacoco/agent/rt/internal_4742761/asm/Type LONG_TYPE Lorg/jacoco/agent/rt/internal_4742761/asm/Type; org/jacoco/agent/rt/internal_4742761/asm/Type
staticfield org/jacoco/agent/rt/internal_4742761/asm/Type DOUBLE_TYPE Lorg/jacoco/agent/rt/internal_4742761/asm/Type; org/jacoco/agent/rt/internal_4742761/asm/Type
ciInstanceKlass org/jacoco/agent/rt/internal_4742761/asm/Label 1 1 221 1 7 1 7 1 1 1 3 1 3 1 3 1 3 1 3 1 3 1 3 1 3 1 1 3 1 3 1 3 1 3 1 3 1 3 1 1 1 1 1 1 1 1 1 1 1 1 1 1 1 1 1 1 1 1 1 1 1 12 10 1 1 1 12 9 1 100 1 8 1 12 10 12 9 1 1 12 9 1 100 1 12 9 1 1 12 9 12 9 1 7 1 1 12 10 1 1 1 1 1 7 1 1 12 10 3 1 1 12 10 1 1 1 1 1 1 1 1 7 1 12 9 1 1 12 10 1 1 12 10 1 12 10 1 1 1 1 1 1 12 9 1 1 1 1 1 1 1 1 12 9 1 1 1 1 1 1 1 12 9 12 9 12 9 1 1 12 10 1 1 1 1 100 12 9 12 9 1 12 9 1 12 10 1 1 1 1 12 9 1 1 1 1 1 1 1 100 10 1 8 1 1 12 10 1 1 12 10 1 12 10 12 10 1 10 1 1 1 1 1
staticfield org/jacoco/agent/rt/internal_4742761/asm/Label EMPTY_LIST Lorg/jacoco/agent/rt/internal_4742761/asm/Label; org/jacoco/agent/rt/internal_4742761/asm/Label
instanceKlass org/jacoco/agent/rt/internal_4742761/asm/tree/FieldInsnNode
instanceKlass org/jacoco/agent/rt/internal_4742761/asm/tree/InsnNode
instanceKlass org/jacoco/agent/rt/internal_4742761/asm/tree/TypeInsnNode
instanceKlass org/jacoco/agent/rt/internal_4742761/asm/tree/LdcInsnNode
instanceKlass org/jacoco/agent/rt/internal_4742761/asm/tree/MethodInsnNode
instanceKlass org/jacoco/agent/rt/internal_4742761/asm/tree/TableSwitchInsnNode
instanceKlass org/jacoco/agent/rt/internal_4742761/asm/tree/MultiANewArrayInsnNode
instanceKlass org/jacoco/agent/rt/internal_4742761/asm/tree/LookupSwitchInsnNode
instanceKlass org/jacoco/agent/rt/internal_4742761/asm/tree/InvokeDynamicInsnNode
instanceKlass org/jacoco/agent/rt/internal_4742761/asm/tree/IntInsnNode
instanceKlass org/jacoco/agent/rt/internal_4742761/asm/tree/JumpInsnNode
instanceKlass org/jacoco/agent/rt/internal_4742761/asm/tree/FrameNode
instanceKlass org/jacoco/agent/rt/internal_4742761/asm/tree/LabelNode
instanceKlass org/jacoco/agent/rt/internal_4742761/asm/tree/IincInsnNode
instanceKlass org/jacoco/agent/rt/internal_4742761/asm/tree/VarInsnNode
instanceKlass org/jacoco/agent/rt/internal_4742761/asm/tree/LineNumberNode
ciInstanceKlass org/jacoco/agent/rt/internal_4742761/asm/tree/AbstractInsnNode 1 1 157 1 7 1 7 1 1 1 3 1 3 1 3 1 3 1 3 1 3 1 3 1 3 1 3 1 3 1 3 1 3 1 3 1 3 1 3 1 3 1 1 1 1 1 1 1 1 1 1 1 1 12 10 12 9 12 9 1 1 1 1 1 1 12 9 1 12 9 1 1 1 12 9 1 100 1 12 11 1 1 12 11 1 100 1 12 9 1 1 12 9 1 1 12 9 1 100 1 1 12 10 1 12 10 12 9 1 1 1 1 1 1 1 1 1 1 1 1 100 1 12 11 1 100 1 1 1 1 1 1 1 1 1 1 1 1 1 1 100 10 1 12 10 1 1 12 11 1 1 1 1 1 1 1 1 1 1
ciInstanceKlass org/jacoco/agent/rt/internal_4742761/asm/tree/LineNumberNode 1 1 56 1 7 1 7 1 1 1 1 1 1 1 1 12 10 12 9 12 9 1 1 1 1 1 1 1 7 1 1 12 10 1 7 1 1 12 10 1 1 1 1 1 1 12 10 12 10 1 1 1 1 1 1 1 1 1
ciInstanceKlass org/jacoco/agent/rt/internal_4742761/asm/tree/VarInsnNode 1 1 54 1 7 1 7 1 1 1 1 1 1 12 10 12 9 1 1 1 1 1 12 9 1 1 1 1 1 7 1 12 10 1 12 10 1 1 1 1 1 12 10 1 1 12 10 1 1 1 1 1 1 1 1 1
ciInstanceKlass org/jacoco/agent/rt/internal_4742761/asm/tree/IincInsnNode 1 1 53 1 7 1 7 1 1 1 1 1 1 1 12 10 12 9 12 9 1 1 1 1 1 1 1 1 7 1 12 10 1 12 10 1 1 1 1 1 12 10 1 1 12 10 1 1 1 1 1 1 1 1 1
ciInstanceKlass org/jacoco/agent/rt/internal_4742761/asm/tree/LabelNode 1 1 57 1 7 1 7 1 1 1 1 1 1 12 10 1 1 1 12 9 1 1 1 1 1 1 7 12 10 1 1 12 10 1 7 1 12 10 1 1 1 1 1 1 100 1 1 12 11 1 1 1 1 1 1 1 1 1 1
ciInstanceKlass org/jacoco/agent/rt/internal_4742761/asm/tree/FrameNode 1 1 108 1 7 1 7 1 1 1 1 1 1 1 1 1 1 12 10 1 1 1 12 9 1 7 1 1 12 10 12 9 12 9 1 12 10 1 100 12 10 1 1 1 1 1 1 1 1 7 1 12 11 1 1 12 10 1 7 1 12 10 1 1 1 1 1 10 1 100 10 1 1 12 11 1 7 1 100 1 12 11 1 1 12 11 1 1 1 1 1 1 1 1 1 1 7 1 1 12 10 1 1 1 1 1 1 1 1 1
ciInstanceKlass org/jacoco/agent/rt/internal_4742761/asm/tree/JumpInsnNode 1 1 64 1 7 1 7 1 1 1 1 1 1 12 10 12 9 1 1 1 1 1 12 9 1 1 1 1 1 7 1 1 12 10 1 7 1 1 12 10 1 12 10 1 1 1 1 1 1 12 10 12 10 1 1 12 10 1 1 1 1 1 1 1 1 1
ciInstanceKlass org/jacoco/agent/rt/internal_4742761/asm/tree/IntInsnNode 1 1 53 1 7 1 7 1 1 1 1 1 1 12 10 12 9 1 1 1 1 12 9 1 1 1 1 1 7 1 12 10 1 12 10 1 1 1 1 1 12 10 1 1 12 10 1 1 1 1 1 1 1 1 1
ciInstanceKlass org/jacoco/agent/rt/internal_4742761/asm/tree/InvokeDynamicInsnNode 1 1 63 1 7 1 7 1 1 1 1 1 1 1 1 1 1 1 12 10 12 9 12 9 12 9 12 9 1 1 1 1 1 1 1 1 1 1 7 1 12 10 1 12 10 1 1 1 1 1 12 10 1 1 12 10 1 1 1 1 1 1 1 1 1
ciInstanceKlass org/jacoco/agent/rt/internal_4742761/asm/tree/LookupSwitchInsnNode 1 1 108 1 7 1 7 1 1 1 1 1 1 1 1 1 1 1 12 10 12 9 1 7 1 1 12 10 12 9 1 12 10 12 9 1 1 1 1 1 1 1 1 1 7 1 12 11 1 1 12 11 1 7 1 12 10 1 7 1 7 1 1 12 10 1 7 1 1 12 10 1 12 10 1 1 1 1 1 1 1 1 1 1 1 1 12 10 1 12 10 12 10 1 1 12 11 1 1 12 10 1 1 1 1 1 1 1 1 1
ciInstanceKlass org/jacoco/agent/rt/internal_4742761/asm/tree/TableSwitchInsnNode 1 1 96 1 7 1 7 1 1 1 1 1 1 1 1 1 1 1 1 12 10 12 9 12 9 12 9 1 7 1 1 12 10 12 9 1 1 1 1 1 1 1 1 7 1 12 11 1 7 1 1 12 11 1 7 1 1 12 10 1 7 1 1 12 10 1 12 10 1 1 1 1 1 1 1 1 1 1 12 10 1 12 10 12 10 1 1 12 10 1 1 1 1 1 1 1 1 1
ciInstanceKlass org/jacoco/agent/rt/internal_4742761/asm/tree/MethodInsnNode 1 1 67 1 7 1 7 1 1 1 1 1 1 1 1 1 1 12 10 1 1 1 1 1 1 12 10 12 9 12 9 12 9 12 9 1 1 12 9 1 1 1 1 1 7 1 12 10 1 12 10 1 1 1 1 1 1 1 12 10 1 1 1 1 1 1 1 1 1
ciInstanceKlass org/jacoco/agent/rt/internal_4742761/asm/tree/LdcInsnNode 1 1 50 1 7 1 7 1 1 1 1 1 1 12 10 12 9 1 1 1 1 1 1 1 1 7 1 12 10 1 12 10 1 1 1 1 1 12 10 1 1 12 10 1 1 1 1 1 1 1 1 1
ciInstanceKlass org/jacoco/agent/rt/internal_4742761/asm/tree/TypeInsnNode 1 1 55 1 7 1 7 1 1 1 1 1 1 12 10 12 9 1 1 1 1 1 1 12 9 1 1 1 1 1 7 1 12 10 1 12 10 1 1 1 1 1 12 10 1 1 12 10 1 1 1 1 1 1 1 1 1
ciInstanceKlass org/jacoco/agent/rt/internal_4742761/asm/tree/InsnNode 1 1 47 1 7 1 7 1 1 1 12 10 1 1 1 1 1 1 1 1 12 9 1 7 1 12 10 1 12 10 1 1 1 1 1 10 1 1 12 10 1 1 1 1 1 1 1 1 1
ciInstanceKlass org/jacoco/agent/rt/internal_4742761/asm/tree/FieldInsnNode 1 1 61 1 7 1 7 1 1 1 1 1 1 1 1 12 10 12 9 12 9 12 9 1 1 1 1 1 1 12 9 1 1 1 1 1 7 1 12 10 1 12 10 1 1 1 1 1 12 10 1 1 12 10 1 1 1 1 1 1 1 1 1
ciInstanceKlass org/jacoco/agent/rt/internal_4742761/asm/tree/Util 1 1 158 1 100 1 100 1 1 1 12 10 1 1 1 1 1 1 7 1 12 10 1 7 1 12 11 1 1 1 1 1 1 1 1 1 1 1 1 1 1 1 10 10 1 1 1 1 1 1 1 1 1 100 1 1 12 10 1 1 1 1 1 1 1 1 1 100 1 12 10 1 1 1 1 1 1 1 1 100 1 12 10 1 1 1 1 1 1 1 1 1 100 1 12 10 1 1 1 1 1 1 1 1 1 7 1 12 10 1 1 1 1 1 1 1 100 1 12 10 1 1 1 1 1 1 1 1 1 100 1 12 10 1 1 1 1 1 1 1 1 1 100 1 12 10 1 1 1 1 1 1 1 1 1 1 1 1 1 1
ciInstanceKlass org/jacoco/agent/rt/internal_4742761/asm/tree/InsnList 1 1 118 1 7 1 1 7 1 100 1 1 100 1 1 1 1 1 1 1 1 1 1 12 10 1 1 1 12 9 1 1 12 9 1 12 9 1 1 1 100 10 12 9 1 1 12 10 1 1 1 1 7 1 12 9 1 1 1 1 12 9 1 1 12 10 1 1 1 1 1 1 12 10 1 1 12 10 1 1 1 1 1 12 9 1 1 1 1 1 1 1 12 10 1 1 1 1 1 1 1 1 1 1 1 1 1 100 1 12 10 1 12 10 1 1 1 1 1 1
ciInstanceKlass org/jacoco/agent/rt/internal_4742761/asm/tree/LocalVariableNode 1 1 55 1 7 1 7 1 1 1 1 1 1 1 1 1 1 1 1 1 12 10 12 9 12 9 12 9 12 9 12 9 12 9 1 1 1 1 1 1 7 1 1 12 10 1 7 1 1 12 10 1 1 1 1 1 1
ciInstanceKlass org/jacoco/agent/rt/internal_4742761/asm/Handle 1 1 82 1 7 1 7 1 1 1 1 1 1 1 1 1 1 1 1 1 12 10 1 1 1 12 10 12 9 12 9 12 9 12 9 12 9 1 1 1 1 1 1 1 1 1 1 7 12 10 1 1 1 1 12 10 1 1 100 10 1 1 12 10 1 12 10 1 8 1 12 10 1 8 1 8 12 10 1 1 1 1 1 1
ciMethod java/lang/Object <init> ()V 4097 1 164050 0 96
ciMethod java/lang/Object getClass ()Ljava/lang/Class; 4097 1 512 0 -1
ciMethod java/lang/String charAt (I)C 4097 1 301368 0 -1
ciMethod java/lang/String equals (Ljava/lang/Object;)Z 4097 10737 2855 0 -1
ciMethod java/lang/String substring (II)Ljava/lang/String; 4097 1 6019 0 -1
ciMethod java/lang/System arraycopy (Ljava/lang/Object;ILjava/lang/Object;II)V 66561 1 8320 0 -1
ciMethod java/util/Map containsKey (Ljava/lang/Object;)Z 0 0 1 0 -1
ciMethod java/util/Map put (Ljava/lang/Object;Ljava/lang/Object;)Ljava/lang/Object; 0 0 1 0 -1
ciMethod java/lang/Float valueOf (F)Ljava/lang/Float; 0 0 32 0 -1
ciMethod java/lang/Float intBitsToFloat (I)F 0 0 1 0 -1
ciMethod java/lang/Double valueOf (D)Ljava/lang/Double; 0 0 7 0 -1
ciMethod java/lang/Double longBitsToDouble (J)D 25 1 3 0 -1
ciMethod java/lang/Integer valueOf (I)Ljava/lang/Integer; 153 1 222 0 -1
ciMethod java/lang/Long valueOf (J)Ljava/lang/Long; 761 1 395 0 -1
ciMethod java/util/List add (Ljava/lang/Object;)Z 0 0 1 0 -1
ciMethod java/util/AbstractList <init> ()V 3465 1 20944 0 0
ciMethod java/util/AbstractCollection <init> ()V 465 1 21125 0 0
ciMethod java/util/ArrayList <init> (I)V 3737 1 5617 0 320
ciMethod java/util/ArrayList <init> ()V 3089 1 9411 0 -1
ciMethod java/util/ArrayList calculateCapacity ([Ljava/lang/Object;I)I 825 1 14306 0 0
ciMethod java/util/ArrayList ensureCapacityInternal (I)V 825 1 14306 0 0
ciMethod java/util/ArrayList ensureExplicitCapacity (I)V 825 1 7638 0 544
ciMethod java/util/ArrayList grow (I)V 129 1 580 0 0
ciMethod java/util/ArrayList hugeCapacity (I)I 0 0 1 0 0
ciMethod java/util/ArrayList add (Ljava/lang/Object;)Z 825 1 14304 0 768
ciMethod java/lang/Math max (II)I 4097 1 53823 0 -1
ciMethod java/util/Arrays copyOf ([Ljava/lang/Object;I)[Ljava/lang/Object; 3289 1 6431 0 0
ciMethod java/util/Arrays copyOf ([Ljava/lang/Object;ILjava/lang/Class;)[Ljava/lang/Object; 3073 1 5923 0 -1
ciMethodData java/lang/Object <init> ()V 2 164050 orig 264 224 132 146 90 0 0 0 0 128 4 137 199 66 2 0 0 32 1 0 0 0 0 0 0 0 0 0 0 0 0 0 0 0 0 0 0 0 0 0 0 0 0 0 0 0 0 0 0 0 0 0 0 0 0 0 0 0 0 0 0 0 0 0 0 0 0 0 0 0 0 0 0 0 0 0 0 0 0 0 0 77 68 79 32 101 120 116 114 97 32 100 97 116 97 32 108 111 99 107 0 0 0 0 0 0 0 0 0 0 0 0 0 0 0 0 0 0 0 0 0 0 0 0 0 0 0 0 0 0 0 0 0 0 0 0 0 0 0 0 0 0 0 0 0 0 0 0 0 0 0 0 0 0 0 0 0 0 0 0 0 0 0 0 0 0 0 0 0 0 0 0 0 0 0 0 0 0 0 0 0 0 0 0 0 1 0 0 0 0 0 0 0 1 0 0 0 0 0 0 0 1 0 0 0 0 0 0 0 0 0 0 0 0 0 0 0 0 2 0 0 145 246 19 0 1 0 0 0 0 0 0 0 0 0 0 0 2 0 0 0 0 0 0 0 0 0 0 0 0 0 0 0 255 255 255 255 0 0 0 0 0 0 0 0 data 0 oops 0
ciMethod java/util/BitSet <init> ()V 3761 1 4294 0 -1
ciMethodData java/util/ArrayList add (Ljava/lang/Object;)Z 2 14304 orig 264 224 132 146 90 0 0 0 0 176 16 150 199 66 2 0 0 144 1 0 0 0 0 0 0 0 0 0 0 0 0 0 0 0 0 0 0 0 0 0 0 0 0 0 0 0 0 0 0 0 0 0 0 0 0 0 0 0 0 0 0 0 0 0 0 0 0 0 0 0 0 0 0 0 0 0 0 0 0 0 0 77 68 79 32 101 120 116 114 97 32 100 97 116 97 32 108 111 99 107 0 0 0 0 0 0 0 0 0 0 0 0 0 0 0 0 0 0 0 0 0 0 0 0 0 0 0 0 0 0 0 0 0 0 0 0 0 0 0 0 0 0 0 0 0 0 0 0 0 0 0 0 0 0 0 0 0 0 0 0 0 0 0 0 0 0 0 0 0 0 0 0 0 0 0 0 0 0 0 0 0 0 0 0 0 17 0 0 0 0 0 0 0 0 0 0 0 0 0 0 0 1 0 0 0 0 0 0 0 0 0 0 0 0 0 0 0 103 0 0 0 201 187 1 0 1 0 0 0 0 0 0 0 0 0 0 0 2 0 0 0 0 0 15 0 2 0 0 0 64 0 0 0 255 255 255 255 2 0 7 0 0 0 0 0 data 8 0x70002 0x3779 0x1a0004 0x0 0x242cc24aa70 0x192 0x242c8185300 0xdb6 oops 2 4 org/jacoco/agent/rt/internal_4742761/asm/tree/LocalVariableNode 6 java/lang/Integer
ciMethodData java/util/ArrayList ensureCapacityInternal (I)V 2 14306 orig 264 224 132 146 90 0 0 0 0 40 6 150 199 66 2 0 0 112 1 0 0 0 0 0 0 0 0 0 0 0 0 0 0 0 0 0 0 0 0 0 0 0 0 0 0 0 0 0 0 0 0 0 0 0 0 0 0 0 0 0 0 0 0 0 0 0 0 0 0 0 0 0 0 0 0 0 0 0 0 0 0 77 68 79 32 101 120 116 114 97 32 100 97 116 97 32 108 111 99 107 0 0 0 0 0 0 0 0 0 0 0 0 0 0 0 0 0 0 0 0 0 0 0 0 0 0 0 0 0 0 0 0 0 0 0 0 0 0 0 0 0 0 0 0 0 0 0 0 0 0 0 0 0 0 0 0 0 0 0 0 0 0 0 0 0 0 0 0 0 0 0 0 0 0 0 0 0 0 0 0 0 0 0 0 0 17 0 0 0 0 0 0 0 0 0 0 0 0 0 0 0 1 0 0 0 0 0 0 0 0 0 0 0 0 0 0 0 103 0 0 0 217 187 1 0 1 0 0 0 0 0 0 0 0 0 0 0 2 0 0 0 0 0 14 0 2 0 0 0 32 0 0 0 255 255 255 255 2 0 6 0 0 0 0 0 data 4 0x60002 0x377b 0x90002 0x377b oops 0
ciMethodData java/util/ArrayList calculateCapacity ([Ljava/lang/Object;I)I 2 14306 orig 264 224 132 146 90 0 0 0 0 136 5 150 199 66 2 0 0 128 1 0 0 0 0 0 0 0 0 0 0 0 0 0 0 0 0 0 0 0 0 0 0 0 0 0 0 0 0 0 0 0 0 0 0 0 0 0 0 0 0 0 0 0 0 0 0 0 0 0 0 0 0 0 0 0 0 0 0 0 0 0 0 77 68 79 32 101 120 116 114 97 32 100 97 116 97 32 108 111 99 107 0 0 0 0 0 0 0 0 0 0 0 0 0 0 0 0 0 0 0 0 0 0 0 0 0 0 0 0 0 0 0 0 0 0 0 0 0 0 0 0 0 0 0 0 0 0 0 0 0 0 0 0 0 0 0 0 0 0 0 0 0 0 0 0 0 0 0 0 0 0 0 0 0 0 0 0 0 0 0 0 0 0 0 0 0 0 0 0 0 0 0 0 0 0 0 0 0 0 0 0 0 0 0 0 0 0 0 0 0 0 0 0 0 0 0 0 0 103 0 0 0 217 187 1 0 1 0 0 0 0 0 0 0 0 0 0 0 2 0 0 0 0 0 9 0 2 0 0 0 48 0 0 0 255 255 255 255 7 0 4 0 0 0 0 0 data 6 0x40007 0x3570 0x30 0x20b 0xa0002 0x20b oops 0
ciMethodData java/util/ArrayList ensureExplicitCapacity (I)V 2 7638 orig 264 224 132 146 90 0 0 0 0 216 6 150 199 66 2 0 0 88 1 0 0 0 0 0 0 0 0 0 0 0 0 0 0 0 0 0 0 0 0 0 0 0 0 0 0 0 0 0 0 0 0 0 0 0 0 0 0 0 0 0 0 0 0 0 0 0 0 0 0 0 0 0 0 0 0 0 0 0 0 0 0 77 68 79 32 101 120 116 114 97 32 100 97 116 97 32 108 111 99 107 0 0 0 0 0 0 0 0 0 0 0 0 0 0 0 0 0 0 0 0 0 0 0 0 0 0 0 0 0 0 0 0 0 0 0 0 0 0 0 0 0 0 0 0 0 0 0 0 0 0 0 0 0 0 0 0 0 0 0 0 0 0 0 0 0 0 0 0 0 0 0 0 0 0 0 0 0 0 0 0 0 0 0 0 0 17 0 0 0 0 0 0 0 0 0 0 0 0 0 0 0 1 0 0 0 0 0 0 0 0 0 0 0 0 0 0 0 103 0 0 0 121 235 0 0 1 0 0 0 0 0 0 0 0 0 0 0 2 0 0 0 0 0 6 0 2 0 0 0 48 0 0 0 255 255 255 255 7 0 17 0 0 0 0 0 data 6 0x110007 0x1b3b 0x30 0x234 0x160002 0x234 oops 0
ciMethodData java/util/ArrayList grow (I)V 1 580 orig 264 224 132 146 90 0 0 0 0 160 7 150 199 66 2 0 0 176 1 0 0 64 0 0 0 0 0 0 0 0 0 0 0 0 0 0 0 0 0 0 0 0 0 0 0 0 0 0 0 0 0 0 0 0 0 0 0 0 0 0 0 0 0 0 0 0 0 0 0 0 0 0 0 0 0 0 0 0 0 0 0 77 68 79 32 101 120 116 114 97 32 100 97 116 97 32 108 111 99 107 0 0 0 0 0 0 0 0 0 0 0 0 0 0 0 0 0 0 0 0 0 0 0 0 0 0 0 0 0 0 0 0 0 0 0 0 0 0 0 0 0 0 0 0 0 0 0 0 0 0 0 0 0 0 0 0 0 0 0 0 0 0 0 0 0 0 0 0 0 0 0 0 0 0 0 0 0 0 0 0 0 0 0 0 0 17 0 0 0 0 0 0 0 0 0 0 0 0 0 0 0 1 0 0 0 0 0 0 0 0 0 0 0 0 0 0 0 16 0 0 0 161 17 0 0 1 0 0 0 0 0 0 0 0 0 0 0 2 0 0 0 0 0 15 0 2 0 0 0 96 0 0 0 255 255 255 255 7 0 15 0 0 0 0 0 data 12 0xf0007 0x29 0x20 0x20b 0x180007 0x234 0x30 0x0 0x1c0002 0x0 0x260002 0x234 oops 0
ciMethodData java/util/AbstractCollection <init> ()V 2 21125 orig 264 224 132 146 90 0 0 0 0 112 127 149 199 66 2 0 0 48 1 0 0 0 0 0 0 0 0 0 0 0 0 0 0 0 0 0 0 0 0 0 0 0 0 0 0 0 0 0 0 0 0 0 0 0 0 0 0 0 0 0 0 0 0 0 0 0 0 0 0 0 0 0 0 0 0 0 0 0 0 0 0 77 68 79 32 101 120 116 114 97 32 100 97 116 97 32 108 111 99 107 0 0 0 0 0 0 0 0 0 0 0 0 0 0 0 0 0 0 0 0 0 0 0 0 0 0 0 0 0 0 0 0 0 0 0 0 0 0 0 0 0 0 0 0 0 0 0 0 0 0 0 0 0 0 0 0 0 0 0 0 0 0 0 0 0 0 0 0 0 0 0 0 0 0 0 0 0 0 0 0 0 0 0 0 0 0 0 0 0 0 0 0 0 0 0 0 0 0 0 0 0 0 0 0 0 0 0 0 0 0 0 0 0 0 0 0 0 58 0 0 0 89 146 2 0 1 0 0 0 0 0 0 0 0 0 0 0 2 0 0 0 0 0 3 0 2 0 0 0 16 0 0 0 255 255 255 255 2 0 1 0 0 0 0 0 data 2 0x10002 0x524b oops 0
ciMethodData java/util/AbstractList <init> ()V 2 20944 orig 264 224 132 146 90 0 0 0 0 8 108 149 199 66 2 0 0 48 1 0 0 0 0 0 0 0 0 0 0 0 0 0 0 0 0 0 0 0 0 0 0 0 0 0 0 0 0 0 0 0 0 0 0 0 0 0 0 0 0 0 0 0 0 0 0 0 0 0 0 0 0 0 0 0 0 0 0 0 0 0 0 77 68 79 32 101 120 116 114 97 32 100 97 116 97 32 108 111 99 107 0 0 0 0 0 0 0 0 0 0 0 0 0 0 0 0 0 0 0 0 0 0 0 0 0 0 0 0 0 0 0 0 0 0 0 0 0 0 0 0 0 0 0 0 0 0 0 0 0 0 0 0 0 0 0 0 0 0 0 0 0 0 0 0 0 0 0 0 0 0 0 0 0 0 0 0 0 0 0 0 0 0 0 0 0 0 0 0 0 0 0 0 0 0 0 0 0 0 0 0 0 0 0 0 0 0 0 0 0 0 0 0 0 0 0 0 0 176 1 0 0 249 128 2 0 1 0 0 0 0 0 0 0 0 0 0 0 2 0 0 0 0 0 3 0 2 0 0 0 16 0 0 0 255 255 255 255 2 0 1 0 0 0 0 0 data 2 0x10002 0x501f oops 0
ciMethodData java/util/ArrayList <init> (I)V 2 5617 orig 264 224 132 146 90 0 0 0 0 248 1 150 199 66 2 0 0 128 2 0 0 104 0 0 0 0 0 0 0 0 0 0 0 0 0 0 0 0 0 0 0 0 0 0 0 0 0 0 0 0 0 0 0 0 0 0 0 0 0 0 0 0 0 0 0 0 0 0 0 0 0 0 0 0 0 0 0 0 0 0 0 77 68 79 32 101 120 116 114 97 32 100 97 116 97 32 108 111 99 107 0 0 0 0 0 0 0 0 0 0 0 0 0 0 0 0 0 0 0 0 0 0 0 0 0 0 0 0 0 0 0 0 0 0 0 0 0 0 0 0 0 0 0 0 0 0 0 0 0 0 0 0 0 0 0 0 0 0 0 0 0 0 0 0 0 0 0 0 0 0 0 0 0 0 0 0 0 0 0 0 0 0 0 0 0 0 0 0 0 0 0 0 0 0 0 0 0 0 0 0 0 0 0 0 0 0 0 0 0 0 0 0 0 0 0 0 0 211 1 0 0 241 160 0 0 1 0 0 0 0 0 0 0 0 0 0 0 2 0 0 0 0 0 8 0 2 0 0 0 48 1 0 0 255 255 255 255 2 0 1 0 0 0 0 0 data 38 0x10002 0x141e 0x50007 0x267 0x38 0x11b7 0x100003 0x11b7 0x100 0x140007 0x0 0x38 0x267 0x1e0003 0x267 0xc8 0x290002 0x0 0x2e0005 0x0 0x0 0x0 0x0 0x0 0x320005 0x0 0x0 0x0 0x0 0x0 0x350005 0x0 0x0 0x0 0x0 0x0 0x380002 0x0 oops 0
ciMethodData java/util/Arrays copyOf ([Ljava/lang/Object;I)[Ljava/lang/Object; 2 6431 orig 264 224 132 146 90 0 0 0 0 112 160 154 199 66 2 0 0 192 1 0 0 0 0 0 0 0 0 0 0 0 0 0 0 0 0 0 0 0 0 0 0 0 0 0 0 0 0 0 0 0 0 0 0 0 0 0 0 0 0 0 0 0 0 0 0 0 0 0 0 0 0 0 0 0 0 0 0 0 0 0 0 77 68 79 32 101 120 116 114 97 32 100 97 116 97 32 108 111 99 107 0 0 0 0 0 0 0 0 0 0 0 0 0 0 0 0 0 0 0 0 0 0 0 0 0 0 0 0 0 0 0 0 0 0 0 0 0 0 0 0 0 0 0 0 0 0 0 0 0 0 0 0 0 0 0 0 0 0 0 0 0 0 0 0 0 0 0 0 0 0 0 0 0 0 0 0 0 0 0 0 0 0 0 0 0 0 0 0 0 0 0 0 0 0 0 0 0 0 0 0 0 0 0 0 0 0 0 0 0 0 0 0 0 0 0 0 0 155 1 0 0 33 188 0 0 1 0 0 0 0 0 0 0 0 0 0 0 2 0 0 0 0 0 3 0 2 0 0 0 112 0 0 0 255 255 255 255 5 0 3 0 0 0 0 0 data 14 0x30005 0x29 0x242cbae8ad0 0x1755 0x242cbbaf530 0x6 0x60002 0x1784 0x90004 0x0 0x0 0x0 0x0 0x0 oops 2 2 [Ljava/lang/Object; 4 [Ljava/lang/String;
ciMethodData java/util/ArrayList hugeCapacity (I)I 1 0 orig 264 224 132 146 90 0 0 0 0 80 8 150 199 66 2 0 0 136 1 0 0 32 0 0 0 0 0 0 0 0 0 0 0 0 0 0 0 0 0 0 0 0 0 0 0 0 0 0 0 0 0 0 0 0 0 0 0 0 0 0 0 0 0 0 0 0 0 0 0 0 0 0 0 0 0 0 0 0 0 0 0 77 68 79 32 101 120 116 114 97 32 100 97 116 97 32 108 111 99 107 0 0 0 0 0 0 0 0 0 0 0 0 0 0 0 0 0 0 0 0 0 0 0 0 0 0 0 0 0 0 0 0 0 0 0 0 0 0 0 0 0 0 0 0 0 0 0 0 0 0 0 0 0 0 0 0 0 0 0 0 0 0 0 0 0 0 0 0 0 0 0 0 0 0 0 0 0 0 0 0 0 0 0 0 0 25 0 0 0 0 0 0 0 0 0 0 0 0 0 0 0 0 0 0 0 0 0 0 0 0 0 0 0 0 0 0 0 0 0 0 0 1 0 0 0 1 0 0 0 0 0 0 0 0 0 0 0 2 0 0 0 0 0 0 0 0 0 0 0 104 0 0 0 255 255 255 255 7 0 1 0 0 0 0 0 data 13 0x10007 0x0 0x30 0x0 0x80002 0x0 0xf0007 0x0 0x38 0x0 0x140003 0x0 0x18 oops 0
ciMethod org/jacoco/agent/rt/internal_4742761/asm/ClassReader readCode (Lorg/jacoco/agent/rt/internal_4742761/asm/MethodVisitor;Lorg/jacoco/agent/rt/internal_4742761/asm/Context;I)V 913 59177 1824 0 -1
ciMethod org/jacoco/agent/rt/internal_4742761/asm/ClassReader readBytecodeInstructionOffset (I)V 2073 1 33420 0 0
ciMethod org/jacoco/agent/rt/internal_4742761/asm/ClassReader readLabel (I[Lorg/jacoco/agent/rt/internal_4742761/asm/Label;)Lorg/jacoco/agent/rt/internal_4742761/asm/Label; 2929 1 13285 0 0
ciMethod org/jacoco/agent/rt/internal_4742761/asm/ClassReader createLabel (I[Lorg/jacoco/agent/rt/internal_4742761/asm/Label;)Lorg/jacoco/agent/rt/internal_4742761/asm/Label; 2089 1 5914 0 0
ciMethod org/jacoco/agent/rt/internal_4742761/asm/ClassReader createDebugLabel (I[Lorg/jacoco/agent/rt/internal_4742761/asm/Label;)V 3465 1 16006 0 0
ciMethod org/jacoco/agent/rt/internal_4742761/asm/ClassReader readTypeAnnotations (Lorg/jacoco/agent/rt/internal_4742761/asm/MethodVisitor;Lorg/jacoco/agent/rt/internal_4742761/asm/Context;IZ)[I 0 0 1 0 -1
ciMethod org/jacoco/agent/rt/internal_4742761/asm/ClassReader getTypeAnnotationBytecodeOffset ([II)I 1825 1 3648 0 0
ciMethod org/jacoco/agent/rt/internal_4742761/asm/ClassReader readTypeAnnotationTarget (Lorg/jacoco/agent/rt/internal_4742761/asm/Context;I)I 0 0 1 0 -1
ciMethod org/jacoco/agent/rt/internal_4742761/asm/ClassReader readElementValues (Lorg/jacoco/agent/rt/internal_4742761/asm/AnnotationVisitor;IZ[C)I 225 1 438 0 -1
ciMethod org/jacoco/agent/rt/internal_4742761/asm/ClassReader computeImplicitFrame (Lorg/jacoco/agent/rt/internal_4742761/asm/Context;)V 305 7585 483 0 -1
ciMethod org/jacoco/agent/rt/internal_4742761/asm/ClassReader readStackMapFrame (IZZLorg/jacoco/agent/rt/internal_4742761/asm/Context;)I 1089 2393 1969 0 -1
ciMethod org/jacoco/agent/rt/internal_4742761/asm/ClassReader readVerificationTypeInfo (I[Ljava/lang/Object;I[C[Lorg/jacoco/agent/rt/internal_4742761/asm/Label;)I 3073 1 2765 0 -1
ciMethod org/jacoco/agent/rt/internal_4742761/asm/ClassReader readAttribute ([Lorg/jacoco/agent/rt/internal_4742761/asm/Attribute;Ljava/lang/String;II[CI[Lorg/jacoco/agent/rt/internal_4742761/asm/Label;)Lorg/jacoco/agent/rt/internal_4742761/asm/Attribute; 0 0 1 0 -1
ciMethod org/jacoco/agent/rt/internal_4742761/asm/ClassReader readByte (I)I 0 0 90 0 -1
ciMethod org/jacoco/agent/rt/internal_4742761/asm/ClassReader readUnsignedShort (I)I 4097 1 153235 0 160
ciMethod org/jacoco/agent/rt/internal_4742761/asm/ClassReader readShort (I)S 2073 1 5437 0 0
ciMethod org/jacoco/agent/rt/internal_4742761/asm/ClassReader readInt (I)I 3225 1 1436 0 192
ciMethod org/jacoco/agent/rt/internal_4742761/asm/ClassReader readLong (I)J 81 1 58 0 -1
ciMethod org/jacoco/agent/rt/internal_4742761/asm/ClassReader readUTF8 (I[C)Ljava/lang/String; 4097 1 65923 0 224
ciMethod org/jacoco/agent/rt/internal_4742761/asm/ClassReader readUtf (I[C)Ljava/lang/String; 4097 1 11031 0 2176
ciMethod org/jacoco/agent/rt/internal_4742761/asm/ClassReader readUtf (II[C)Ljava/lang/String; 1153 35233 1719 0 -1
ciMethod org/jacoco/agent/rt/internal_4742761/asm/ClassReader readStringish (I[C)Ljava/lang/String; 2449 1 16522 0 -1
ciMethod org/jacoco/agent/rt/internal_4742761/asm/ClassReader readClass (I[C)Ljava/lang/String; 2321 1 16522 0 2496
ciMethod org/jacoco/agent/rt/internal_4742761/asm/ClassReader readConstantDynamic (I[C)Lorg/jacoco/agent/rt/internal_4742761/asm/ConstantDynamic; 0 0 1 0 -1
ciMethod org/jacoco/agent/rt/internal_4742761/asm/ClassReader readConst (I[C)Ljava/lang/Object; 745 1 1992 0 0
ciMethod org/jacoco/agent/rt/internal_4742761/asm/MethodVisitor visitAttribute (Lorg/jacoco/agent/rt/internal_4742761/asm/Attribute;)V 0 0 1 0 -1
ciMethod org/jacoco/agent/rt/internal_4742761/asm/MethodVisitor visitFrame (II[Ljava/lang/Object;I[Ljava/lang/Object;)V 3137 1 6928 0 -1
ciMethod org/jacoco/agent/rt/internal_4742761/asm/MethodVisitor visitInsn (I)V 3169 1 11064 0 -1
ciMethod org/jacoco/agent/rt/internal_4742761/asm/MethodVisitor visitIntInsn (II)V 4097 1 2307 0 -1
ciMethod org/jacoco/agent/rt/internal_4742761/asm/MethodVisitor visitVarInsn (II)V 3673 1 12728 0 -1
ciMethod org/jacoco/agent/rt/internal_4742761/asm/MethodVisitor visitTypeInsn (ILjava/lang/String;)V 2049 1 5327 0 -1
ciMethod org/jacoco/agent/rt/internal_4742761/asm/MethodVisitor visitFieldInsn (ILjava/lang/String;Ljava/lang/String;Ljava/lang/String;)V 3425 1 6047 0 -1
ciMethod org/jacoco/agent/rt/internal_4742761/asm/MethodVisitor visitMethodInsn (ILjava/lang/String;Ljava/lang/String;Ljava/lang/String;Z)V 3297 1 5592 0 -1
ciMethod org/jacoco/agent/rt/internal_4742761/asm/MethodVisitor visitInvokeDynamicInsn (Ljava/lang/String;Ljava/lang/String;Lorg/jacoco/agent/rt/internal_4742761/asm/Handle;[Ljava/lang/Object;)V 641 1 68 0 -1
ciMethod org/jacoco/agent/rt/internal_4742761/asm/MethodVisitor visitJumpInsn (ILorg/jacoco/agent/rt/internal_4742761/asm/Label;)V 2193 1 6406 0 -1
ciMethod org/jacoco/agent/rt/internal_4742761/asm/MethodVisitor visitLabel (Lorg/jacoco/agent/rt/internal_4742761/asm/Label;)V 3209 1 13829 0 -1
ciMethod org/jacoco/agent/rt/internal_4742761/asm/MethodVisitor visitLdcInsn (Ljava/lang/Object;)V 4097 1 5700 0 -1
ciMethod org/jacoco/agent/rt/internal_4742761/asm/MethodVisitor visitIincInsn (II)V 2065 1 345 0 -1
ciMethod org/jacoco/agent/rt/internal_4742761/asm/MethodVisitor visitTableSwitchInsn (IILorg/jacoco/agent/rt/internal_4742761/asm/Label;[Lorg/jacoco/agent/rt/internal_4742761/asm/Label;)V 169 1 17 0 -1
ciMethod org/jacoco/agent/rt/internal_4742761/asm/MethodVisitor visitLookupSwitchInsn (Lorg/jacoco/agent/rt/internal_4742761/asm/Label;[I[Lorg/jacoco/agent/rt/internal_4742761/asm/Label;)V 105 1 7 0 -1
ciMethod org/jacoco/agent/rt/internal_4742761/asm/MethodVisitor visitMultiANewArrayInsn (Ljava/lang/String;I)V 0 0 1 0 -1
ciMethod org/jacoco/agent/rt/internal_4742761/asm/MethodVisitor visitInsnAnnotation (ILorg/jacoco/agent/rt/internal_4742761/asm/TypePath;Ljava/lang/String;Z)Lorg/jacoco/agent/rt/internal_4742761/asm/AnnotationVisitor; 0 0 1 0 -1
ciMethod org/jacoco/agent/rt/internal_4742761/asm/MethodVisitor visitTryCatchBlock (Lorg/jacoco/agent/rt/internal_4742761/asm/Label;Lorg/jacoco/agent/rt/internal_4742761/asm/Label;Lorg/jacoco/agent/rt/internal_4742761/asm/Label;Ljava/lang/String;)V 2209 1 1616 0 -1
ciMethod org/jacoco/agent/rt/internal_4742761/asm/MethodVisitor visitLocalVariable (Ljava/lang/String;Ljava/lang/String;Ljava/lang/String;Lorg/jacoco/agent/rt/internal_4742761/asm/Label;Lorg/jacoco/agent/rt/internal_4742761/asm/Label;I)V 4097 1 7344 0 -1
ciMethod org/jacoco/agent/rt/internal_4742761/asm/MethodVisitor visitLocalVariableAnnotation (ILorg/jacoco/agent/rt/internal_4742761/asm/TypePath;[Lorg/jacoco/agent/rt/internal_4742761/asm/Label;[Lorg/jacoco/agent/rt/internal_4742761/asm/Label;[ILjava/lang/String;Z)Lorg/jacoco/agent/rt/internal_4742761/asm/AnnotationVisitor; 0 0 1 0 -1
ciMethod org/jacoco/agent/rt/internal_4742761/asm/MethodVisitor visitLineNumber (ILorg/jacoco/agent/rt/internal_4742761/asm/Label;)V 3241 1 6000 0 -1
ciMethod org/jacoco/agent/rt/internal_4742761/asm/MethodVisitor visitMaxs (II)V 2065 1 5388 0 -1
ciMethodData org/jacoco/agent/rt/internal_4742761/asm/ClassReader readUnsignedShort (I)I 2 153235 orig 264 224 132 146 90 0 0 0 0 32 238 202 199 66 2 0 0 40 1 0 0 0 0 0 0 0 0 0 0 0 0 0 0 0 0 0 0 0 0 0 0 0 0 0 0 0 0 0 0 0 0 0 0 0 0 0 0 0 0 0 0 0 0 0 0 0 0 0 0 0 0 0 0 0 0 0 0 0 0 0 0 77 68 79 32 101 120 116 114 97 32 100 97 116 97 32 108 111 99 107 0 0 0 0 0 0 0 0 0 0 0 0 0 0 0 0 0 0 0 0 0 0 0 0 0 0 0 0 0 0 0 0 0 0 0 0 0 0 0 0 0 0 0 0 0 0 0 0 0 0 0 0 0 0 0 0 0 0 0 0 0 0 0 0 0 0 0 0 0 0 0 0 0 0 0 0 0 0 0 0 0 0 0 0 0 1 0 0 0 0 0 0 0 0 0 0 0 0 0 0 0 1 0 0 0 0 0 0 0 0 0 0 0 0 0 0 0 0 2 0 0 153 164 18 0 1 0 0 0 0 0 0 0 0 0 0 0 2 0 0 0 0 0 3 0 1 0 0 0 0 0 0 0 255 255 255 255 0 0 0 0 0 0 0 0 data 0 oops 0
ciMethodData org/jacoco/agent/rt/internal_4742761/asm/ClassReader readUtf (II[C)Ljava/lang/String; 2 47415 orig 264 224 132 146 90 0 0 0 0 72 244 202 199 66 2 0 0 248 1 0 0 32 0 0 0 0 0 0 0 0 0 0 0 0 0 0 0 0 0 0 0 0 0 0 0 0 0 0 0 0 0 0 0 0 0 0 0 0 0 0 0 0 0 0 0 0 0 0 0 0 0 0 0 0 0 0 0 0 0 0 0 77 68 79 32 101 120 116 114 97 32 100 97 116 97 32 108 111 99 107 0 0 0 0 0 0 0 0 0 0 0 0 0 0 0 0 0 0 0 0 0 0 0 0 0 0 0 0 0 0 0 0 0 0 0 0 0 0 0 0 0 0 0 0 0 0 0 0 0 0 0 0 0 0 0 0 0 0 0 0 0 0 0 0 0 0 0 0 0 0 0 0 0 0 0 0 0 0 0 0 1 0 0 0 0 0 0 0 0 0 0 0 0 0 0 0 0 0 0 0 0 0 0 0 0 0 0 0 0 0 0 0 0 0 0 0 0 146 16 0 0 57 49 0 0 25 64 5 0 56 3 0 0 19 85 0 0 2 0 0 0 1 0 11 0 2 0 0 0 184 0 0 0 255 255 255 255 7 0 22 0 0 0 0 0 data 23 0x160007 0x628 0xa8 0xa802 0x29e007 0x1 0x38 0xa802 0x390003 0xa802 0x50 0x450007 0x0 0x38 0x1 0x640003 0x1 0x18 0x920003 0xa803 0xffffffffffffff70 0x9d0002 0x628 oops 0
ciMethodData org/jacoco/agent/rt/internal_4742761/asm/ClassReader readUtf (I[C)Ljava/lang/String; 2 11031 orig 264 224 132 146 90 0 0 0 0 152 242 202 199 66 2 0 0 232 1 0 0 80 0 0 0 0 0 0 0 0 0 0 0 0 0 0 0 0 0 0 0 0 0 0 0 0 0 0 0 0 0 0 0 0 0 0 0 0 0 0 0 0 0 0 0 0 0 0 0 0 0 0 0 0 0 0 0 0 0 0 0 77 68 79 32 101 120 116 114 97 32 100 97 116 97 32 108 111 99 107 0 0 0 0 0 0 0 0 0 0 0 0 0 0 0 0 0 0 0 0 0 0 0 0 0 0 0 0 0 0 0 0 0 0 0 0 0 0 0 0 0 0 0 0 0 1 0 0 0 0 0 0 0 0 0 0 0 0 0 0 0 0 0 0 0 0 0 0 0 0 0 0 0 0 0 0 0 0 0 0 0 0 0 0 0 0 0 0 0 0 0 0 0 0 0 0 0 0 0 0 0 0 0 0 0 0 0 0 0 0 0 0 0 0 0 0 0 0 2 0 0 185 72 1 0 1 0 0 0 6 20 0 0 0 0 0 0 2 0 0 0 0 0 5 0 2 0 0 0 144 0 0 0 255 255 255 255 7 0 8 0 0 0 0 0 data 18 0x80007 0x5b9 0x20 0x235e 0x220005 0x0 0x242cb47e340 0x5b9 0x0 0x0 0x260002 0x5b9 0x2a0004 0x0 0x242ca9f68c0 0x5ba 0x0 0x0 oops 2 6 org/jacoco/agent/rt/internal_4742761/asm/ClassReader 14 java/lang/String
ciMethodData org/jacoco/agent/rt/internal_4742761/asm/ClassReader readUTF8 (I[C)Ljava/lang/String; 2 65923 orig 264 224 132 146 90 0 0 0 0 152 241 202 199 66 2 0 0 248 1 0 0 80 0 0 0 0 0 0 0 0 0 0 0 0 0 0 0 0 0 0 0 0 0 0 0 0 0 0 0 0 0 0 0 0 0 0 0 0 0 0 0 0 0 0 0 0 0 0 0 0 0 0 0 0 0 0 0 0 0 0 0 77 68 79 32 101 120 116 114 97 32 100 97 116 97 32 108 111 99 107 0 0 0 0 0 0 0 0 0 0 0 0 0 0 0 0 0 0 0 0 0 0 0 0 0 0 0 0 0 0 0 0 0 0 0 0 0 0 0 0 0 0 0 0 0 0 0 0 0 0 0 0 0 0 0 0 0 0 0 0 0 0 0 0 0 0 0 0 0 0 0 0 0 0 0 0 0 0 0 0 0 0 0 0 0 0 0 0 0 0 0 0 0 0 0 0 0 0 0 0 0 0 0 0 0 0 0 0 0 0 0 0 0 0 0 0 0 0 2 0 0 25 252 7 0 1 0 0 0 0 0 0 0 0 0 0 0 2 0 0 0 0 0 8 0 2 0 0 0 160 0 0 0 255 255 255 255 5 0 2 0 0 0 0 0 data 20 0x20005 0x0 0x242cb47e340 0xff83 0x0 0x0 0x70007 0xf0 0x40 0xfe93 0xb0007 0xfe4e 0x20 0x45 0x130005 0x221 0x242cb47e340 0xfc2d 0x0 0x0 oops 2 2 org/jacoco/agent/rt/internal_4742761/asm/ClassReader 16 org/jacoco/agent/rt/internal_4742761/asm/ClassReader
ciMethod org/jacoco/agent/rt/internal_4742761/core/internal/flow/MethodSanitizer visitLocalVariable (Ljava/lang/String;Ljava/lang/String;Ljava/lang/String;Lorg/jacoco/agent/rt/internal_4742761/asm/Label;Lorg/jacoco/agent/rt/internal_4742761/asm/Label;I)V 4097 1 4426 0 -1
ciMethod org/jacoco/agent/rt/internal_4742761/core/internal/flow/MethodSanitizer visitLineNumber (ILorg/jacoco/agent/rt/internal_4742761/asm/Label;)V 3193 1 4740 0 0
ciMethod org/jacoco/agent/rt/internal_4742761/asm/commons/JSRInlinerAdapter visitJumpInsn (ILorg/jacoco/agent/rt/internal_4742761/asm/Label;)V 2297 1 2548 0 0
ciMethod org/jacoco/agent/rt/internal_4742761/asm/tree/MethodNode visitFrame (II[Ljava/lang/Object;I[Ljava/lang/Object;)V 3593 1 1969 0 0
ciMethod org/jacoco/agent/rt/internal_4742761/asm/tree/MethodNode visitInsn (I)V 4097 1 6292 0 288
ciMethod org/jacoco/agent/rt/internal_4742761/asm/tree/MethodNode visitIntInsn (II)V 2169 1 577 0 0
ciMethod org/jacoco/agent/rt/internal_4742761/asm/tree/MethodNode visitVarInsn (II)V 3321 1 6618 0 -1
ciMethod org/jacoco/agent/rt/internal_4742761/asm/tree/MethodNode visitTypeInsn (ILjava/lang/String;)V 2081 1 1426 0 0
ciMethod org/jacoco/agent/rt/internal_4742761/asm/tree/MethodNode visitFieldInsn (ILjava/lang/String;Ljava/lang/String;Ljava/lang/String;)V 2049 1 2248 0 -1
ciMethod org/jacoco/agent/rt/internal_4742761/asm/tree/MethodNode visitMethodInsn (ILjava/lang/String;Ljava/lang/String;Ljava/lang/String;Z)V 2233 1 5452 0 -1
ciMethod org/jacoco/agent/rt/internal_4742761/asm/tree/MethodNode visitInvokeDynamicInsn (Ljava/lang/String;Ljava/lang/String;Lorg/jacoco/agent/rt/internal_4742761/asm/Handle;[Ljava/lang/Object;)V 161 1 17 0 0
ciMethod org/jacoco/agent/rt/internal_4742761/asm/tree/MethodNode visitJumpInsn (ILorg/jacoco/agent/rt/internal_4742761/asm/Label;)V 2297 1 2548 0 0
ciMethod org/jacoco/agent/rt/internal_4742761/asm/tree/MethodNode visitLabel (Lorg/jacoco/agent/rt/internal_4742761/asm/Label;)V 3265 1 6572 0 480
ciMethod org/jacoco/agent/rt/internal_4742761/asm/tree/MethodNode visitLdcInsn (Ljava/lang/Object;)V 2057 1 1790 0 -1
ciMethod org/jacoco/agent/rt/internal_4742761/asm/tree/MethodNode visitIincInsn (II)V 1217 1 120 0 -1
ciMethod org/jacoco/agent/rt/internal_4742761/asm/tree/MethodNode visitTableSwitchInsn (IILorg/jacoco/agent/rt/internal_4742761/asm/Label;[Lorg/jacoco/agent/rt/internal_4742761/asm/Label;)V 65 1 6 0 -1
ciMethod org/jacoco/agent/rt/internal_4742761/asm/tree/MethodNode visitLookupSwitchInsn (Lorg/jacoco/agent/rt/internal_4742761/asm/Label;[I[Lorg/jacoco/agent/rt/internal_4742761/asm/Label;)V 41 1 3 0 -1
ciMethod org/jacoco/agent/rt/internal_4742761/asm/tree/MethodNode visitLocalVariable (Ljava/lang/String;Ljava/lang/String;Ljava/lang/String;Lorg/jacoco/agent/rt/internal_4742761/asm/Label;Lorg/jacoco/agent/rt/internal_4742761/asm/Label;I)V 4097 1 4426 0 -1
ciMethod org/jacoco/agent/rt/internal_4742761/asm/tree/MethodNode visitLineNumber (ILorg/jacoco/agent/rt/internal_4742761/asm/Label;)V 3193 1 4740 0 0
ciMethod org/jacoco/agent/rt/internal_4742761/asm/tree/MethodNode visitMaxs (II)V 3081 1 1410 0 -1
ciMethod org/jacoco/agent/rt/internal_4742761/asm/tree/MethodNode getLabelNode (Lorg/jacoco/agent/rt/internal_4742761/asm/Label;)Lorg/jacoco/agent/rt/internal_4742761/asm/tree/LabelNode; 3361 1 24100 0 0
ciMethod org/jacoco/agent/rt/internal_4742761/asm/tree/MethodNode getLabelNodes ([Lorg/jacoco/agent/rt/internal_4742761/asm/Label;)[Lorg/jacoco/agent/rt/internal_4742761/asm/tree/LabelNode; 105 2001 9 0 -1
ciMethod org/jacoco/agent/rt/internal_4742761/asm/tree/MethodNode getLabelNodes ([Ljava/lang/Object;)[Ljava/lang/Object; 3337 16385 3628 0 704
ciMethod org/jacoco/agent/rt/internal_4742761/asm/Type getObjectType (Ljava/lang/String;)Lorg/jacoco/agent/rt/internal_4742761/asm/Type; 1921 1 4182 0 -1
ciMethod org/jacoco/agent/rt/internal_4742761/asm/Type getMethodType (Ljava/lang/String;)Lorg/jacoco/agent/rt/internal_4742761/asm/Type; 0 0 68 0 -1
ciMethod org/jacoco/agent/rt/internal_4742761/asm/Label <init> ()V 1569 1 18823 0 0
ciMethod org/jacoco/agent/rt/internal_4742761/asm/Label addLineNumber (I)V 2137 1 5424 0 96
ciMethod org/jacoco/agent/rt/internal_4742761/asm/Label accept (Lorg/jacoco/agent/rt/internal_4742761/asm/MethodVisitor;Z)V 3097 1 5515 0 992
ciMethod org/jacoco/agent/rt/internal_4742761/asm/tree/AbstractInsnNode <init> (I)V 2225 1 41359 0 64
ciMethod org/jacoco/agent/rt/internal_4742761/asm/tree/LineNumberNode <init> (ILorg/jacoco/agent/rt/internal_4742761/asm/tree/LabelNode;)V 3193 1 4740 0 0
ciMethod org/jacoco/agent/rt/internal_4742761/asm/tree/VarInsnNode <init> (II)V 3321 1 6618 0 -1
ciMethod org/jacoco/agent/rt/internal_4742761/asm/tree/IincInsnNode <init> (II)V 1217 1 120 0 -1
ciMethod org/jacoco/agent/rt/internal_4742761/asm/tree/LabelNode <init> ()V 1201 1 7634 0 0
ciMethod org/jacoco/agent/rt/internal_4742761/asm/tree/FrameNode <init> (II[Ljava/lang/Object;I[Ljava/lang/Object;)V 3537 1 1969 0 0
ciMethod org/jacoco/agent/rt/internal_4742761/asm/tree/JumpInsnNode <init> (ILorg/jacoco/agent/rt/internal_4742761/asm/tree/LabelNode;)V 2297 1 2548 0 0
ciMethod org/jacoco/agent/rt/internal_4742761/asm/tree/IntInsnNode <init> (II)V 2169 1 577 0 0
ciMethod org/jacoco/agent/rt/internal_4742761/asm/tree/InvokeDynamicInsnNode <init> (Ljava/lang/String;Ljava/lang/String;Lorg/jacoco/agent/rt/internal_4742761/asm/Handle;[Ljava/lang/Object;)V 161 1 17 0 -1
ciMethod org/jacoco/agent/rt/internal_4742761/asm/tree/LookupSwitchInsnNode <init> (Lorg/jacoco/agent/rt/internal_4742761/asm/tree/LabelNode;[I[Lorg/jacoco/agent/rt/internal_4742761/asm/tree/LabelNode;)V 41 1 3 0 -1
ciMethod org/jacoco/agent/rt/internal_4742761/asm/tree/TableSwitchInsnNode <init> (IILorg/jacoco/agent/rt/internal_4742761/asm/tree/LabelNode;[Lorg/jacoco/agent/rt/internal_4742761/asm/tree/LabelNode;)V 65 1 6 0 -1
ciMethod org/jacoco/agent/rt/internal_4742761/asm/tree/MethodInsnNode <init> (ILjava/lang/String;Ljava/lang/String;Ljava/lang/String;Z)V 2233 1 5452 0 -1
ciMethod org/jacoco/agent/rt/internal_4742761/asm/tree/LdcInsnNode <init> (Ljava/lang/Object;)V 2057 1 1790 0 -1
ciMethod org/jacoco/agent/rt/internal_4742761/asm/tree/TypeInsnNode <init> (ILjava/lang/String;)V 2081 1 1426 0 0
ciMethod org/jacoco/agent/rt/internal_4742761/asm/tree/InsnNode <init> (I)V 4097 1 6292 0 0
ciMethod org/jacoco/agent/rt/internal_4742761/asm/tree/FieldInsnNode <init> (ILjava/lang/String;Ljava/lang/String;Ljava/lang/String;)V 2049 1 2248 0 -1
ciMethod org/jacoco/agent/rt/internal_4742761/asm/tree/Util add (Ljava/util/List;Ljava/lang/Object;)Ljava/util/List; 4097 1 5237 0 -1
ciMethod org/jacoco/agent/rt/internal_4742761/asm/tree/Util asArrayList (I)Ljava/util/List; 0 0 1 0 -1
ciMethod org/jacoco/agent/rt/internal_4742761/asm/tree/Util asArrayList ([Ljava/lang/Object;)Ljava/util/List; 3313 169 2166 0 -1
ciMethod org/jacoco/agent/rt/internal_4742761/asm/tree/Util asArrayList ([I)Ljava/util/List; 41 1577 3 0 -1
ciMethod org/jacoco/agent/rt/internal_4742761/asm/tree/Util asArrayList (I[Ljava/lang/Object;)Ljava/util/List; 3689 8193 3938 0 0
ciMethod org/jacoco/agent/rt/internal_4742761/asm/tree/InsnList getLast ()Lorg/jacoco/agent/rt/internal_4742761/asm/tree/AbstractInsnNode; 1041 1 130 0 0
ciMethod org/jacoco/agent/rt/internal_4742761/asm/tree/InsnList add (Lorg/jacoco/agent/rt/internal_4742761/asm/tree/AbstractInsnNode;)V 3321 1 5651 0 160
ciMethod org/jacoco/agent/rt/internal_4742761/asm/tree/LocalVariableNode <init> (Ljava/lang/String;Ljava/lang/String;Ljava/lang/String;Lorg/jacoco/agent/rt/internal_4742761/asm/tree/LabelNode;Lorg/jacoco/agent/rt/internal_4742761/asm/tree/LabelNode;I)V 4097 1 4438 0 -1
ciMethodData org/jacoco/agent/rt/internal_4742761/asm/ClassReader readClass (I[C)Ljava/lang/String; 2 16561 orig 264 224 132 146 90 0 0 0 0 208 245 202 199 66 2 0 0 64 1 0 0 0 0 0 0 0 0 0 0 0 0 0 0 0 0 0 0 0 0 0 0 0 0 0 0 0 0 0 0 0 0 0 0 0 0 0 0 0 0 0 0 0 0 0 0 0 0 0 0 0 0 0 0 0 0 0 0 0 0 0 0 77 68 79 32 101 120 116 114 97 32 100 97 116 97 32 108 111 99 107 0 0 0 0 0 0 0 0 0 0 0 0 0 0 0 0 0 0 0 0 0 0 0 0 0 0 0 0 0 0 0 0 0 0 0 0 0 0 0 0 0 0 0 0 0 0 0 0 0 0 0 0 0 0 0 0 0 0 0 0 0 0 0 0 0 0 0 0 0 0 0 0 0 0 0 0 0 0 0 0 0 0 0 0 0 17 0 0 0 0 0 0 0 0 0 0 0 0 0 0 0 0 0 0 0 0 0 0 0 0 0 0 0 0 0 0 0 33 1 0 0 121 252 1 0 1 0 0 0 0 0 0 0 0 0 0 0 2 0 0 0 0 0 10 0 2 0 0 0 16 0 0 0 255 255 255 255 2 0 3 0 0 0 0 0 data 2 0x30002 0x3f8f oops 0
ciMethodData org/jacoco/agent/rt/internal_4742761/asm/tree/AbstractInsnNode <init> (I)V 2 41359 orig 264 224 132 146 90 0 0 0 0 48 124 207 199 66 2 0 0 56 1 0 0 0 0 0 0 0 0 0 0 0 0 0 0 0 0 0 0 0 0 0 0 0 0 0 0 0 0 0 0 0 0 0 0 0 0 0 0 0 0 0 0 0 0 0 0 0 0 0 0 0 0 0 0 0 0 0 0 0 0 0 0 77 68 79 32 101 120 116 114 97 32 100 97 116 97 32 108 111 99 107 0 0 0 0 0 0 0 0 0 0 0 0 0 0 0 0 0 0 0 0 0 0 0 0 0 0 0 0 0 0 0 0 0 0 0 0 0 0 0 0 0 0 0 0 0 0 0 0 0 0 0 0 0 0 0 0 0 0 0 0 0 0 0 0 0 0 0 0 0 0 0 0 0 0 0 0 0 0 0 0 0 0 0 0 0 1 0 0 0 0 0 0 0 0 0 0 0 0 0 0 0 1 0 0 0 0 0 0 0 0 0 0 0 0 0 0 0 22 1 0 0 201 3 5 0 1 0 0 0 0 0 0 0 0 0 0 0 2 0 0 0 0 0 3 0 2 0 0 0 16 0 0 0 255 255 255 255 2 0 1 0 0 0 0 0 data 2 0x10002 0xa079 oops 0
ciMethodData org/jacoco/agent/rt/internal_4742761/asm/tree/InsnList add (Lorg/jacoco/agent/rt/internal_4742761/asm/tree/AbstractInsnNode;)V 2 5651 orig 264 224 132 146 90 0 0 0 0 176 157 208 199 66 2 0 0 96 1 0 0 0 0 0 0 0 0 0 0 0 0 0 0 0 0 0 0 0 0 0 0 0 0 0 0 0 0 0 0 0 0 0 0 0 0 0 0 0 0 0 0 0 0 0 0 0 0 0 0 0 0 0 0 0 0 0 0 0 0 0 0 77 68 79 32 101 120 116 114 97 32 100 97 116 97 32 108 111 99 107 0 0 0 0 0 0 0 0 0 0 0 0 0 0 0 0 0 0 0 0 0 0 0 0 0 0 0 0 0 0 0 0 0 0 0 0 0 0 0 0 0 0 0 0 0 0 0 0 0 0 0 0 0 0 0 0 0 0 0 0 0 0 0 0 0 0 0 0 0 0 0 0 0 0 0 0 0 0 0 0 0 0 0 0 0 17 0 0 0 0 0 0 0 0 0 0 0 0 0 0 0 1 0 0 0 0 0 0 0 0 0 0 0 0 0 0 0 159 1 0 0 161 163 0 0 1 0 0 0 0 0 0 0 0 0 0 0 2 0 0 0 0 0 6 0 2 0 0 0 56 0 0 0 255 255 255 255 7 0 14 0 0 0 0 0 data 7 0xe0007 0x13cb 0x38 0xa9 0x1b0003 0xa9 0x18 oops 0
ciMethodData org/jacoco/agent/rt/internal_4742761/asm/ClassReader readBytecodeInstructionOffset (I)V 2 33420 orig 264 224 132 146 90 0 0 0 0 64 201 202 199 66 2 0 0 40 1 0 0 0 0 0 0 0 0 0 0 0 0 0 0 0 0 0 0 0 0 0 0 0 0 0 0 0 0 0 0 0 0 0 0 0 0 0 0 0 0 0 0 0 0 0 0 0 0 0 0 0 0 0 0 0 0 0 0 0 0 0 0 77 68 79 32 101 120 116 114 97 32 100 97 116 97 32 108 111 99 107 0 0 0 0 0 0 0 0 0 0 0 0 0 0 0 0 0 0 0 0 0 0 0 0 0 0 0 0 0 0 0 0 0 0 0 0 0 0 0 0 0 0 0 0 0 0 0 0 0 0 0 0 0 0 0 0 0 0 0 0 0 0 0 0 0 0 0 0 0 0 0 0 0 0 0 0 0 0 0 0 0 0 0 0 0 0 0 0 0 0 0 0 0 0 0 0 0 0 0 0 0 0 0 0 0 0 0 0 0 0 0 0 0 0 0 0 0 3 1 0 0 73 12 4 0 1 0 0 0 0 0 0 0 0 0 0 0 2 0 0 0 0 0 3 0 1 0 0 0 0 0 0 0 255 255 255 255 0 0 0 0 0 0 0 0 data 0 oops 0
ciMethodData org/jacoco/agent/rt/internal_4742761/asm/Label <init> ()V 2 18823 orig 264 224 132 146 90 0 0 0 0 136 94 207 199 66 2 0 0 48 1 0 0 0 0 0 0 0 0 0 0 0 0 0 0 0 0 0 0 0 0 0 0 0 0 0 0 0 0 0 0 0 0 0 0 0 0 0 0 0 0 0 0 0 0 0 0 0 0 0 0 0 0 0 0 0 0 0 0 0 0 0 0 77 68 79 32 101 120 116 114 97 32 100 97 116 97 32 108 111 99 107 0 0 0 0 0 0 0 0 0 0 0 0 0 0 0 0 0 0 0 0 0 0 0 0 0 0 0 0 0 0 0 0 0 0 0 0 0 0 0 0 0 0 0 0 0 0 0 0 0 0 0 0 0 0 0 0 0 0 0 0 0 0 0 0 0 0 0 0 0 0 0 0 0 0 0 0 0 0 0 0 0 0 0 0 0 0 0 0 0 0 0 0 0 0 0 0 0 0 0 0 0 0 0 0 0 0 0 0 0 0 0 0 0 0 0 0 0 196 0 0 0 25 70 2 0 1 0 0 0 0 0 0 0 0 0 0 0 2 0 0 0 0 0 3 0 2 0 0 0 16 0 0 0 255 255 255 255 2 0 1 0 0 0 0 0 data 2 0x10002 0x48c3 oops 0
ciMethodData org/jacoco/agent/rt/internal_4742761/asm/tree/MethodNode getLabelNode (Lorg/jacoco/agent/rt/internal_4742761/asm/Label;)Lorg/jacoco/agent/rt/internal_4742761/asm/tree/LabelNode; 2 24100 orig 264 224 132 146 90 0 0 0 0 192 186 206 199 66 2 0 0 224 1 0 0 80 0 0 0 0 0 0 0 0 0 0 0 0 0 0 0 0 0 0 0 0 0 0 0 0 0 0 0 0 0 0 0 0 0 0 0 0 0 0 0 0 0 0 0 0 0 0 0 0 0 0 0 0 0 0 0 0 0 0 0 77 68 79 32 101 120 116 114 97 32 100 97 116 97 32 108 111 99 107 0 0 0 0 0 0 0 0 0 0 0 0 0 0 0 0 0 0 0 0 0 0 0 0 0 0 0 0 0 0 0 0 0 0 0 0 0 0 0 0 0 0 0 0 0 0 0 0 0 0 0 0 0 0 0 0 0 0 0 0 0 0 0 0 0 0 0 0 0 0 0 0 0 0 0 0 0 0 0 0 0 0 0 0 0 25 0 0 0 0 0 0 0 1 0 0 0 0 0 0 0 3 0 0 0 0 0 0 0 0 0 0 0 0 0 0 0 164 1 0 0 1 228 2 0 1 0 0 0 0 0 0 0 0 0 0 0 2 0 0 0 0 0 6 0 2 0 0 0 144 0 0 0 255 255 255 255 4 1 4 0 0 0 0 0 data 18 0x40104 0x0 0x242cc8146a0 0x3f44 0x0 0x0 0x70007 0x3f44 0x30 0x1d3c 0xf0002 0x1d3c 0x190004 0x0 0x242cc8146a0 0x5c80 0x0 0x0 oops 2 2 org/jacoco/agent/rt/internal_4742761/asm/tree/LabelNode 14 org/jacoco/agent/rt/internal_4742761/asm/tree/LabelNode
ciMethodData org/jacoco/agent/rt/internal_4742761/asm/tree/LabelNode <init> ()V 2 7634 orig 264 224 132 146 90 0 0 0 0 64 153 207 199 66 2 0 0 48 1 0 0 0 0 0 0 0 0 0 0 0 0 0 0 0 0 0 0 0 0 0 0 0 0 0 0 0 0 0 0 0 0 0 0 0 0 0 0 0 0 0 0 0 0 0 0 0 0 0 0 0 0 0 0 0 0 0 0 0 0 0 0 77 68 79 32 101 120 116 114 97 32 100 97 116 97 32 108 111 99 107 0 0 0 0 0 0 0 0 0 0 0 0 0 0 0 0 0 0 0 0 0 0 0 0 0 0 0 0 0 0 0 0 0 0 0 0 0 0 0 0 0 0 0 0 0 0 0 0 0 0 0 0 0 0 0 0 0 0 0 0 0 0 0 0 0 0 0 0 0 0 0 0 0 0 0 0 0 0 0 0 0 0 0 0 0 0 0 0 0 0 0 0 0 0 0 0 0 0 0 0 0 0 0 0 0 0 0 0 0 0 0 0 0 0 0 0 0 150 0 0 0 225 233 0 0 1 0 0 0 0 0 0 0 0 0 0 0 2 0 0 0 0 0 0 0 0 0 0 0 16 0 0 0 255 255 255 255 2 0 2 0 0 0 0 0 data 2 0x20002 0x1d3c oops 0
ciMethodData org/jacoco/agent/rt/internal_4742761/asm/ClassReader createDebugLabel (I[Lorg/jacoco/agent/rt/internal_4742761/asm/Label;)V 2 16006 orig 264 224 132 146 90 0 0 0 0 184 203 202 199 66 2 0 0 168 1 0 0 0 0 0 0 0 0 0 0 0 0 0 0 0 0 0 0 0 0 0 0 0 0 0 0 0 0 0 0 0 0 0 0 0 0 0 0 0 0 0 0 0 0 0 0 0 0 0 0 0 0 0 0 0 0 0 0 0 0 0 0 77 68 79 32 101 120 116 114 97 32 100 97 116 97 32 108 111 99 107 0 0 0 0 0 0 0 0 0 0 0 0 0 0 0 0 0 0 0 0 0 0 0 0 0 0 0 0 0 0 0 0 0 0 0 0 0 0 0 0 0 0 0 0 0 0 0 0 0 0 0 0 0 0 0 0 0 0 0 0 0 0 0 0 0 0 0 0 0 0 0 0 0 0 0 0 0 0 0 0 0 0 0 0 0 0 0 0 0 0 0 0 0 0 0 0 0 0 0 0 0 0 0 0 0 0 0 0 0 0 0 0 0 0 0 0 0 177 1 0 0 169 230 1 0 1 0 0 0 0 0 0 0 0 0 0 0 2 0 0 0 0 0 10 0 2 0 0 0 80 0 0 0 255 255 255 255 7 0 3 0 0 0 0 0 data 10 0x30007 0x20ec 0x50 0x1be9 0x90005 0x0 0x242cb47e340 0x1be9 0x0 0x0 oops 1 6 org/jacoco/agent/rt/internal_4742761/asm/ClassReader
ciMethodData org/jacoco/agent/rt/internal_4742761/asm/ClassReader readLabel (I[Lorg/jacoco/agent/rt/internal_4742761/asm/Label;)Lorg/jacoco/agent/rt/internal_4742761/asm/Label; 2 13285 orig 264 224 132 146 90 0 0 0 0 16 202 202 199 66 2 0 0 184 1 0 0 0 0 0 0 0 0 0 0 0 0 0 0 0 0 0 0 0 0 0 0 0 0 0 0 0 0 0 0 0 0 0 0 0 0 0 0 0 0 0 0 0 0 0 0 0 0 0 0 0 0 0 0 0 0 0 0 0 0 0 0 77 68 79 32 101 120 116 114 97 32 100 97 116 97 32 108 111 99 107 0 0 0 0 0 0 0 0 0 0 0 0 0 0 0 0 0 0 0 0 0 0 0 0 0 0 0 0 0 0 0 0 0 0 0 0 0 0 0 0 0 0 0 0 0 0 0 0 0 0 0 0 0 0 0 0 0 0 0 0 0 0 0 0 0 0 0 0 0 0 0 0 0 0 0 0 0 0 0 0 0 0 0 0 0 25 0 0 0 0 0 0 0 1 0 0 0 0 0 0 0 5 0 0 0 0 0 0 0 0 0 0 0 0 0 0 0 110 1 0 0 185 147 1 0 1 0 0 0 0 0 0 0 0 0 0 0 2 0 0 0 0 0 6 0 2 0 0 0 96 0 0 0 255 255 255 255 7 0 3 0 0 0 0 0 data 12 0x30007 0xb6b 0x60 0x270c 0xc0002 0x270c 0xf0004 0x0 0x242cb4832b0 0x270c 0x0 0x0 oops 1 8 org/jacoco/agent/rt/internal_4742761/asm/Label
ciMethodData org/jacoco/agent/rt/internal_4742761/asm/tree/MethodNode visitVarInsn (II)V 2 6618 orig 264 224 132 146 90 0 0 0 0 152 168 206 199 66 2 0 0 152 1 0 0 0 0 0 0 0 0 0 0 0 0 0 0 0 0 0 0 0 0 0 0 0 0 0 0 0 0 0 0 0 0 0 0 0 0 0 0 0 0 0 0 0 0 0 0 0 0 0 0 0 0 0 0 0 0 0 0 0 0 0 0 77 68 79 32 101 120 116 114 97 32 100 97 116 97 32 108 111 99 107 0 0 0 0 0 0 0 0 0 0 0 0 0 0 0 0 0 0 0 0 0 0 0 0 0 0 0 0 0 0 0 0 0 0 0 0 0 0 0 0 0 0 0 0 0 0 0 0 0 0 0 0 0 0 0 0 0 0 0 0 0 0 0 0 0 0 0 0 0 0 0 0 0 0 0 0 0 0 0 0 0 0 0 0 0 25 0 0 0 0 0 0 0 0 0 0 0 0 0 0 0 1 0 0 0 0 0 0 0 0 0 0 0 0 0 0 0 159 1 0 0 217 193 0 0 1 0 0 0 0 0 0 0 0 0 0 0 2 0 0 0 0 0 3 0 2 0 0 0 64 0 0 0 255 255 255 255 2 0 10 0 0 0 0 0 data 8 0xa0002 0x183b 0xd0005 0x0 0x242cc8143f0 0x183b 0x0 0x0 oops 1 4 org/jacoco/agent/rt/internal_4742761/asm/tree/InsnList
ciMethodData org/jacoco/agent/rt/internal_4742761/asm/tree/MethodNode visitMethodInsn (ILjava/lang/String;Ljava/lang/String;Ljava/lang/String;Z)V 2 5452 orig 264 224 132 146 90 0 0 0 0 104 171 206 199 66 2 0 0 0 2 0 0 64 0 0 0 0 0 0 0 0 0 0 0 0 0 0 0 0 0 0 0 0 0 0 0 0 0 0 0 0 0 0 0 0 0 0 0 0 0 0 0 0 0 0 0 0 0 0 0 0 0 0 0 0 0 0 0 0 0 0 0 77 68 79 32 101 120 116 114 97 32 100 97 116 97 32 108 111 99 107 0 0 0 0 0 0 0 0 0 0 0 0 0 0 0 0 0 0 0 0 0 0 0 0 0 0 0 0 0 0 0 0 0 0 0 0 0 0 0 0 0 0 0 0 0 0 0 0 0 0 0 0 0 0 0 0 0 0 0 0 0 0 0 0 0 0 0 0 0 0 0 0 0 0 0 0 0 0 0 0 0 0 0 0 0 25 0 0 0 0 0 0 0 0 0 0 0 0 0 0 0 0 0 0 0 0 0 0 0 0 0 0 0 0 0 0 0 23 1 0 0 169 161 0 0 1 0 0 0 0 0 0 0 0 0 0 0 2 0 0 0 0 0 8 0 2 0 0 0 144 0 0 0 255 255 255 255 7 0 6 0 0 0 0 0 data 18 0x60007 0x1435 0x50 0x0 0xe0007 0x0 0x30 0x0 0x190002 0x0 0x340002 0x1435 0x370005 0x0 0x242cc8143f0 0x1435 0x0 0x0 oops 1 14 org/jacoco/agent/rt/internal_4742761/asm/tree/InsnList
ciMethodData org/jacoco/agent/rt/internal_4742761/asm/Label addLineNumber (I)V 2 5424 orig 264 224 132 146 90 0 0 0 0 40 97 207 199 66 2 0 0 216 1 0 0 56 0 0 0 0 0 0 0 0 0 0 0 0 0 0 0 0 0 0 0 0 0 0 0 0 0 0 0 0 0 0 0 0 0 0 0 0 0 0 0 0 0 0 0 0 0 0 0 0 0 0 0 0 0 0 0 0 0 0 0 77 68 79 32 101 120 116 114 97 32 100 97 116 97 32 108 111 99 107 0 0 0 0 0 0 0 0 0 0 0 0 0 0 0 0 0 0 0 0 0 0 0 0 0 0 0 0 0 0 0 0 0 0 0 0 0 0 0 0 0 0 0 0 0 0 0 0 0 0 0 0 0 0 0 0 0 0 0 0 0 0 0 0 0 0 0 0 0 0 0 0 0 0 0 0 0 0 0 0 0 0 0 0 0 0 0 0 0 0 0 0 0 0 0 0 0 0 0 0 0 0 0 0 0 0 0 0 0 0 0 0 0 0 0 0 0 11 1 0 0 41 161 0 0 1 0 0 0 0 0 0 0 0 0 0 0 2 0 0 0 0 0 12 0 2 0 0 0 136 0 0 0 255 255 255 255 7 0 8 0 0 0 0 0 data 17 0x80007 0x0 0x38 0x1425 0x1e0003 0x1425 0x68 0x250007 0x0 0x20 0x0 0x410007 0x0 0x30 0x0 0x5a0002 0x0 oops 0
ciMethodData org/jacoco/agent/rt/internal_4742761/asm/ClassReader readInt (I)I 2 1436 orig 264 224 132 146 90 0 0 0 0 216 239 202 199 66 2 0 0 40 1 0 0 0 0 0 0 0 0 0 0 0 0 0 0 0 0 0 0 0 0 0 0 0 0 0 0 0 0 0 0 0 0 0 0 0 0 0 0 0 0 0 0 0 0 0 0 0 0 0 0 0 0 0 0 0 0 0 0 0 0 0 0 77 68 79 32 101 120 116 114 97 32 100 97 116 97 32 108 111 99 107 0 0 0 0 0 0 0 0 0 0 0 0 0 0 0 0 0 0 0 0 0 0 0 0 0 0 0 0 0 0 0 0 0 0 0 0 0 0 0 0 0 0 0 0 0 0 0 0 0 0 0 0 0 0 0 0 0 0 0 0 0 0 0 0 0 0 0 0 0 0 0 0 0 0 0 0 0 0 0 0 0 0 0 0 0 1 0 0 0 0 0 0 0 0 0 0 0 0 0 0 0 1 0 0 0 0 0 0 0 0 0 0 0 0 0 0 0 147 1 0 0 73 32 0 0 1 0 0 0 0 0 0 0 0 0 0 0 2 0 0 0 0 0 3 0 1 0 0 0 0 0 0 0 255 255 255 255 0 0 0 0 0 0 0 0 data 0 oops 0
ciMethodData org/jacoco/agent/rt/internal_4742761/asm/tree/MethodNode visitLabel (Lorg/jacoco/agent/rt/internal_4742761/asm/Label;)V 2 6572 orig 264 224 132 146 90 0 0 0 0 208 173 206 199 66 2 0 0 176 1 0 0 0 0 0 0 0 0 0 0 0 0 0 0 0 0 0 0 0 0 0 0 0 0 0 0 0 0 0 0 0 0 0 0 0 0 0 0 0 0 0 0 0 0 0 0 0 0 0 0 0 0 0 0 0 0 0 0 0 0 0 0 77 68 79 32 101 120 116 114 97 32 100 97 116 97 32 108 111 99 107 0 0 0 0 0 0 0 0 0 0 0 0 0 0 0 0 0 0 0 0 0 0 0 0 0 0 0 0 0 0 0 0 0 0 0 0 0 0 0 0 0 0 0 0 0 0 0 0 0 0 0 0 0 0 0 0 0 0 0 0 0 0 0 0 0 0 0 0 0 0 0 0 0 0 0 0 0 0 0 0 0 0 0 0 0 0 0 0 0 0 0 0 0 0 0 0 0 0 0 0 0 0 0 0 0 0 0 0 0 0 0 0 0 0 0 0 0 152 1 0 0 161 192 0 0 1 0 0 0 0 0 0 0 0 0 0 0 2 0 0 0 0 0 7 0 2 0 0 0 96 0 0 0 255 255 255 255 5 0 6 0 0 0 0 0 data 12 0x60005 0x0 0x242cb483200 0x1814 0x0 0x0 0x90005 0x0 0x242cc8143f0 0x1814 0x0 0x0 oops 2 2 org/jacoco/agent/rt/internal_4742761/core/internal/flow/ClassProbesAdapter$2 8 org/jacoco/agent/rt/internal_4742761/asm/tree/InsnList
ciMethodData org/jacoco/agent/rt/internal_4742761/asm/Label accept (Lorg/jacoco/agent/rt/internal_4742761/asm/MethodVisitor;Z)V 2 5515 orig 264 224 132 146 90 0 0 0 0 56 98 207 199 66 2 0 0 128 2 0 0 160 0 0 0 0 0 0 0 0 0 0 0 0 0 0 0 0 0 0 0 0 0 0 0 0 0 0 0 0 0 0 0 0 0 0 0 0 0 0 0 0 0 0 0 0 0 0 0 0 0 0 0 0 0 0 0 0 0 0 0 77 68 79 32 101 120 116 114 97 32 100 97 116 97 32 108 111 99 107 0 0 0 0 0 0 0 0 0 0 0 0 0 0 0 0 0 0 0 0 0 0 0 0 0 0 0 0 0 0 0 0 0 0 0 0 0 0 0 0 0 0 0 0 0 0 0 0 0 0 0 0 0 0 0 0 0 0 0 0 0 0 0 0 0 0 0 0 0 0 0 0 0 0 0 0 0 0 0 0 0 0 0 0 0 0 0 0 0 0 0 0 0 0 0 0 0 0 0 0 0 0 0 0 0 0 0 0 0 0 0 0 0 0 0 0 0 131 1 0 0 65 160 0 0 1 0 0 0 0 0 0 0 0 0 0 0 2 0 0 0 1 0 13 0 2 0 0 0 40 1 0 0 255 255 255 255 5 0 2 0 0 0 0 0 data 37 0x20005 0x0 0x242cb483200 0x1408 0x0 0x0 0x60007 0x0 0xf8 0x1408 0x110007 0x2ce 0xd8 0x113a 0x1d0005 0x0 0x242cb483200 0x113a 0x0 0x0 0x240007 0x113a 0x88 0x0 0x300007 0x0 0x68 0x0 0x3b0005 0x0 0x0 0x0 0x0 0x0 0x410003 0x0 0xffffffffffffffb0 oops 2 2 org/jacoco/agent/rt/internal_4742761/core/internal/flow/ClassProbesAdapter$2 16 org/jacoco/agent/rt/internal_4742761/core/internal/flow/ClassProbesAdapter$2
ciMethodData org/jacoco/agent/rt/internal_4742761/asm/ClassReader createLabel (I[Lorg/jacoco/agent/rt/internal_4742761/asm/Label;)Lorg/jacoco/agent/rt/internal_4742761/asm/Label; 2 5914 orig 264 224 132 146 90 0 0 0 0 232 202 202 199 66 2 0 0 136 1 0 0 0 0 0 0 0 0 0 0 0 0 0 0 0 0 0 0 0 0 0 0 0 0 0 0 0 0 0 0 0 0 0 0 0 0 0 0 0 0 0 0 0 0 0 0 0 0 0 0 0 0 0 0 0 0 0 0 0 0 0 0 77 68 79 32 101 120 116 114 97 32 100 97 116 97 32 108 111 99 107 0 0 0 0 0 0 0 0 0 0 0 0 0 0 0 0 0 0 0 0 0 0 0 0 0 0 0 0 0 0 0 0 0 0 0 0 0 0 0 0 0 0 0 0 0 0 0 0 0 0 0 0 0 0 0 0 0 0 0 0 0 0 0 0 0 0 0 0 0 0 0 0 0 0 0 0 0 0 0 0 0 0 0 0 0 0 0 0 0 0 0 0 0 0 0 0 0 0 0 0 0 0 0 0 0 0 0 0 0 0 0 0 0 0 0 0 0 5 1 0 0 169 176 0 0 1 0 0 0 0 0 0 0 0 0 0 0 2 0 0 0 0 0 7 0 2 0 0 0 48 0 0 0 255 255 255 255 5 0 3 0 0 0 0 0 data 6 0x30005 0x0 0x242cb47e340 0x1615 0x0 0x0 oops 1 2 org/jacoco/agent/rt/internal_4742761/asm/ClassReader
ciMethodData org/jacoco/agent/rt/internal_4742761/core/internal/flow/MethodSanitizer visitLineNumber (ILorg/jacoco/agent/rt/internal_4742761/asm/Label;)V 2 4740 orig 264 224 132 146 90 0 0 0 0 184 66 206 199 66 2 0 0 96 1 0 0 0 0 0 0 0 0 0 0 0 0 0 0 0 0 0 0 0 0 0 0 0 0 0 0 0 0 0 0 0 0 0 0 0 0 0 0 0 0 0 0 0 0 0 0 0 0 0 0 0 0 0 0 0 0 0 0 0 0 0 0 77 68 79 32 101 120 116 114 97 32 100 97 116 97 32 108 111 99 107 0 0 0 0 0 0 0 0 0 0 0 0 0 0 0 0 0 0 0 0 0 0 0 0 0 0 0 0 0 0 0 0 0 0 0 0 0 0 0 0 0 0 0 0 0 0 0 0 0 0 0 0 0 0 0 0 0 0 0 0 0 0 0 0 0 0 0 0 0 0 0 0 0 0 0 0 0 0 0 0 0 0 0 0 0 0 0 0 0 0 0 0 0 0 0 0 0 0 0 0 0 0 0 0 0 0 0 0 0 0 0 0 0 0 0 0 0 143 1 0 0 169 135 0 0 1 0 0 0 0 0 0 0 0 0 0 0 2 0 0 0 0 0 10 0 2 0 0 0 48 0 0 0 255 255 255 255 7 0 4 0 0 0 0 0 data 6 0x40007 0x0 0x30 0x10f5 0xa0002 0x10f5 oops 0
ciMethodData org/jacoco/agent/rt/internal_4742761/asm/tree/MethodNode visitLineNumber (ILorg/jacoco/agent/rt/internal_4742761/asm/Label;)V 2 4740 orig 264 224 132 146 90 0 0 0 0 152 184 206 199 66 2 0 0 200 1 0 0 0 0 0 0 0 0 0 0 0 0 0 0 0 0 0 0 0 0 0 0 0 0 0 0 0 0 0 0 0 0 0 0 0 0 0 0 0 0 0 0 0 0 0 0 0 0 0 0 0 0 0 0 0 0 0 0 0 0 0 0 77 68 79 32 101 120 116 114 97 32 100 97 116 97 32 108 111 99 107 0 0 0 0 0 0 0 0 0 0 0 0 0 0 0 0 0 0 0 0 0 0 0 0 0 0 0 0 0 0 0 0 0 0 0 0 0 0 0 0 0 0 0 0 0 0 0 0 0 0 0 0 0 0 0 0 0 0 0 0 0 0 0 0 0 0 0 0 0 0 0 0 0 0 0 0 0 0 0 0 0 0 0 0 0 0 0 0 0 0 0 0 0 0 0 0 0 0 0 0 0 0 0 0 0 0 0 0 0 0 0 0 0 0 0 0 0 143 1 0 0 169 135 0 0 1 0 0 0 0 0 0 0 0 0 0 0 2 0 0 0 0 0 7 0 2 0 0 0 112 0 0 0 255 255 255 255 5 0 11 0 0 0 0 0 data 14 0xb0005 0x0 0x242cb483200 0x10f5 0x0 0x0 0xe0002 0x10f5 0x110005 0x0 0x242cc8143f0 0x10f5 0x0 0x0 oops 2 2 org/jacoco/agent/rt/internal_4742761/core/internal/flow/ClassProbesAdapter$2 10 org/jacoco/agent/rt/internal_4742761/asm/tree/InsnList
ciMethodData org/jacoco/agent/rt/internal_4742761/asm/tree/LineNumberNode <init> (ILorg/jacoco/agent/rt/internal_4742761/asm/tree/LabelNode;)V 2 4740 orig 264 224 132 146 90 0 0 0 0 80 136 207 199 66 2 0 0 64 1 0 0 0 0 0 0 0 0 0 0 0 0 0 0 0 0 0 0 0 0 0 0 0 0 0 0 0 0 0 0 0 0 0 0 0 0 0 0 0 0 0 0 0 0 0 0 0 0 0 0 0 0 0 0 0 0 0 0 0 0 0 0 77 68 79 32 101 120 116 114 97 32 100 97 116 97 32 108 111 99 107 0 0 0 0 0 0 0 0 0 0 0 0 0 0 0 0 0 0 0 0 0 0 0 0 0 0 0 0 0 0 0 0 0 0 0 0 0 0 0 0 0 0 0 0 0 0 0 0 0 0 0 0 0 0 0 0 0 0 0 0 0 0 0 0 0 0 0 0 0 0 0 0 0 0 0 0 0 0 0 0 0 0 0 0 0 0 0 0 0 0 0 0 0 0 0 0 0 0 0 0 0 0 0 0 0 0 0 0 0 0 0 0 0 0 0 0 0 143 1 0 0 169 135 0 0 1 0 0 0 0 0 0 0 0 0 0 0 2 0 0 0 0 0 0 0 0 0 0 0 16 0 0 0 255 255 255 255 2 0 2 0 0 0 0 0 data 2 0x20002 0x10f5 oops 0
ciMethodData org/jacoco/agent/rt/internal_4742761/asm/ClassReader readShort (I)S 2 5437 orig 264 224 132 146 90 0 0 0 0 240 238 202 199 66 2 0 0 40 1 0 0 0 0 0 0 0 0 0 0 0 0 0 0 0 0 0 0 0 0 0 0 0 0 0 0 0 0 0 0 0 0 0 0 0 0 0 0 0 0 0 0 0 0 0 0 0 0 0 0 0 0 0 0 0 0 0 0 0 0 0 0 77 68 79 32 101 120 116 114 97 32 100 97 116 97 32 108 111 99 107 0 0 0 0 0 0 0 0 0 0 0 0 0 0 0 0 0 0 0 0 0 0 0 0 0 0 0 0 0 0 0 0 0 0 0 0 0 0 0 0 0 0 0 0 0 0 0 0 0 0 0 0 0 0 0 0 0 0 0 0 0 0 0 0 0 0 0 0 0 0 0 0 0 0 0 0 0 0 0 0 0 0 0 0 0 1 0 0 0 0 0 0 0 0 0 0 0 0 0 0 0 1 0 0 0 0 0 0 0 0 0 0 0 0 0 0 0 3 1 0 0 209 161 0 0 1 0 0 0 0 0 0 0 0 0 0 0 2 0 0 0 0 0 3 0 1 0 0 0 0 0 0 0 255 255 255 255 0 0 0 0 0 0 0 0 data 0 oops 0
ciMethodData org/jacoco/agent/rt/internal_4742761/asm/ClassReader readCode (Lorg/jacoco/agent/rt/internal_4742761/asm/MethodVisitor;Lorg/jacoco/agent/rt/internal_4742761/asm/Context;I)V 2 105883 orig 264 224 132 146 90 0 0 0 0 152 200 202 199 66 2 0 0 152 74 0 0 184 71 0 0 0 0 0 0 0 0 0 0 0 0 0 0 0 0 0 0 0 0 0 0 0 0 0 0 0 0 0 0 0 0 0 0 0 0 0 0 0 0 0 0 0 0 0 0 0 0 0 0 0 0 0 0 0 0 0 0 77 68 79 32 101 120 116 114 97 32 100 97 116 97 32 108 111 99 107 0 0 0 0 0 0 0 0 0 0 0 0 0 0 0 0 0 0 0 0 0 0 0 0 0 0 0 0 0 0 0 0 0 0 0 0 0 0 0 0 0 0 0 0 0 1 0 0 0 0 0 0 0 0 0 0 0 0 0 0 0 0 0 0 0 0 0 0 0 0 0 0 0 0 0 0 0 0 0 0 0 0 0 0 0 0 0 0 0 0 0 0 0 0 0 0 0 0 0 0 0 0 0 0 0 0 0 0 0 0 0 0 0 0 0 0 0 229 28 0 0 113 53 0 0 177 5 12 0 0 0 0 0 0 0 0 0 2 0 0 0 21 0 236 1 2 0 0 0 104 72 0 0 255 255 255 255 5 0 18 0 0 0 0 0 data 2317 0x120005 0x0 0x242cb47e340 0x6ae 0x0 0x0 0x1c0005 0x0 0x242cb47e340 0x6ae 0x0 0x0 0x260005 0x0 0x242cb47e340 0x6ae 0x0 0x0 0x380007 0x6ae 0x30 0x0 0x3f0002 0x0 0x600007 0x6ae 0x12d8 0x8080 0x770008 0x1bc 0x0 0x1290 0x0 0xdf0 0x4 0xdf0 0x4 0xdf0 0x1a 0xdf0 0x18 0xdf0 0x1 0xdf0 0x0 0xdf0 0x0 0xdf0 0x0 0xdf0 0x0 0xdf0 0x0 0xdf0 0x0 0xdf0 0x0 0xdf0 0x0 0xdf0 0x0 0xdf0 0x0 0xdf0 0x6 0x1230 0x0 0x1248 0x1d 0x1230 0x0 0x1248 0x0 0x1248 0xf 0x1230 0x0 0x1230 0x0 0x1230 0x0 0x1230 0x33 0x1230 0x1 0xdf0 0x6 0xdf0 0x7 0xdf0 0x2 0xdf0 0x0 0xdf0 0x0 0xdf0 0x0 0xdf0 0x0 0xdf0 0x0 0xdf0 0x0 0xdf0 0x0 0xdf0 0x0 0xdf0 0x0 0xdf0 0x0 0xdf0 0x0 0xdf0 0x0 0xdf0 0x4c 0xdf0 0x25 0xdf0 0x17 0xdf0 0xc 0xdf0 0x0 0xdf0 0x0 0xdf0 0x0 0xdf0 0x0 0xdf0 0x8 0xdf0 0x0 0xdf0 0x0 0xdf0 0x0 0xdf0 0x8 0x1230 0x0 0x1230 0x0 0x1230 0x0 0x1230 0x1c 0x1230 0x0 0xdf0 0x4 0xdf0 0x3 0xdf0 0x4 0xdf0 0x0 0xdf0 0x0 0xdf0 0x0 0xdf0 0x0 0xdf0 0x0 0xdf0 0x0 0xdf0 0x0 0xdf0 0x0 0xdf0 0x0 0xdf0 0x0 0xdf0 0x0 0xdf0 0x0 0xdf0 0x2 0xdf0 0x5 0xdf0 0x5 0xdf0 0x4 0xdf0 0x0 0xdf0 0x0 0xdf0 0x0 0xdf0 0x0 0xdf0 0x6 0xdf0 0x0 0xdf0 0x0 0xdf0 0x0 0xdf0 0x6 0xdf0 0x0 0xdf0 0x1b 0xdf0 0x0 0xdf0 0x0 0xdf0 0x0 0xdf0 0x0 0xdf0 0x0 0xdf0 0x0 0xdf0 0x5 0xdf0 0x0 0xdf0 0x0 0xdf0 0x0 0xdf0 0x1 0xdf0 0x0 0xdf0 0x0 0xdf0 0x0 0xdf0 0x1 0xdf0 0x0 0xdf0 0x0 0xdf0 0x0 0xdf0 0x0 0xdf0 0x0 0xdf0 0x0 0xdf0 0x0 0xdf0 0x0 0xdf0 0x0 0xdf0 0x0 0xdf0 0x0 0xdf0 0x0 0xdf0 0x0 0xdf0 0x0 0xdf0 0x0 0xdf0 0x0 0xdf0 0x0 0xdf0 0x0 0xdf0 0x0 0xdf0 0x0 0xdf0 0x0 0xdf0 0x0 0xdf0 0x0 0xdf0 0x2 0xdf0 0x0 0xdf0 0x0 0xdf0 0x0 0xdf0 0x2 0x1248 0x0 0xdf0 0x0 0xdf0 0x0 0xdf0 0x0 0xdf0 0x0 0xdf0 0x0 0xdf0 0x0 0xdf0 0x0 0xdf0 0x0 0xdf0 0x0 0xdf0 0x0 0xdf0 0x0 0xdf0 0x0 0xdf0 0x0 0xdf0 0x0 0xdf0 0x0 0xdf0 0x0 0xdf0 0x0 0xdf0 0x0 0xdf0 0x0 0xdf0 0x1e 0xe08 0xe 0xe08 0x0 0xe08 0x0 0xe08 0x0 0xe08 0x0 0xe08 0x2 0xe08 0x3 0xe08 0x0 0xe08 0x2 0xe08 0x0 0xe08 0x1 0xe08 0x1 0xe08 0x1 0xe08 0x1c 0xe08 0x0 0xe08 0x0 0x1230 0x0 0x1030 0x0 0x1148 0x12 0xdf0 0x0 0xdf0 0x0 0xdf0 0x0 0xdf0 0x10 0xdf0 0x9 0xdf0 0x7 0x1248 0x2 0x1248 0x8 0x1248 0xa 0x1248 0x5d 0x1248 0x1b 0x1248 0x1c 0x1248 0x1a 0x1260 0x0 0x1260 0x16 0x1248 0x0 0x1230 0x2 0x1248 0x2 0xdf0 0x2 0xdf0 0x9 0x1248 0x0 0x1248 0x0 0xdf0 0x0 0xdf0 0x0 0xf10 0x0 0x1278 0x3 0xe08 0x3 0xe08 0x0 0xeb8 0x0 0xeb8 0x0 0xe60 0x0 0xe60 0x0 0xe60 0x0 0xe60 0x0 0xe60 0x0 0xe60 0x0 0xe60 0x0 0xe60 0x0 0xe60 0x0 0xe60 0x0 0xe60 0x0 0xe60 0x0 0xe60 0x0 0xe60 0x0 0xe60 0x0 0xe60 0x0 0xe60 0x0 0xe60 0x0 0xeb8 0x3fb0003 0x4076 0x4b0 0x4060005 0x0 0x242cb47e340 0x965 0x0 0x0 0x40c0002 0x965 0x4130003 0x965 0x458 0x41e0005 0x0 0x0 0x0 0x0 0x0 0x4240002 0x0 0x42b0003 0x0 0x400 0x4360005 0x0 0x0 0x0 0x0 0x0 0x43c0002 0x0 0x4430003 0x0 0x3a8 0x4510008 0x1a 0x0 0x110 0x0 0xe0 0x0 0xe0 0x0 0xe0 0x0 0xe0 0x0 0xe0 0x0 0xe0 0x0 0xe0 0x0 0xe0 0x0 0xe0 0x0 0xe0 0x0 0xf8 0x0 0xe0 0x4bf0003 0x0 0x2b0 0x4c50003 0x0 0x298 0x4cc0002 0x0 0x4e10005 0x0 0x242cb47e340 0x6 0x0 0x0 0x4e70002 0x6 0x4f10005 0x0 0x242cb47e340 0x6 0x0 0x0 0x4f90005 0x0 0x242cb47e340 0x6 0x0 0x0 0x5090007 0x6 0x1d0 0x2c 0x5120005 0x0 0x242cb47e340 0x2c 0x0 0x0 0x5180002 0x2c 0x51f0003 0x2c 0xffffffffffffffa0 0x5330005 0x0 0x242cb47e340 0x3 0x0 0x0 0x5390002 0x3 0x5420005 0x0 0x242cb47e340 0x3 0x0 0x0 0x54f0007 0x3 0xe8 0x1b 0x55a0005 0x0 0x242cb47e340 0x1b 0x0 0x0 0x5600002 0x1b 0x5670003 0x1b 0xffffffffffffffa0 0x56d0003 0x1013 0x70 0x5730003 0x23bb 0x58 0x5790003 0x2ce 0x40 0x57f0003 0x0 0x28 0x5860002 0x0 0x58a0003 0x8080 0xffffffffffffed40 0x5900005 0x0 0x242cb47e340 0x6ae 0x0 0x0 0x59d0007 0x6ae 0x188 0x19a 0x5a40005 0x0 0x242cb47e340 0x19a 0x0 0x0 0x5a90002 0x19a 0x5b40005 0x0 0x242cb47e340 0x19a 0x0 0x0 0x5b90002 0x19a 0x5c40005 0x0 0x242cb47e340 0x19a 0x0 0x0 0x5c90002 0x19a 0x5d90005 0x0 0x242cb47e340 0x19a 0x0 0x0 0x5df0005 0x0 0x242cb47e340 0x19a 0x0 0x0 0x5f00005 0x0 0x242cb483200 0x19a 0x0 0x0 0x5f30003 0x19a 0xfffffffffffffe90 0x6110005 0x0 0x242cb47e340 0x6ae 0x0 0x0 0x61e0007 0x6ae 0x610 0x1002 0x6260005 0x0 0x242cb47e340 0x1002 0x0 0x0 0x6300005 0x0 0x242cb47e340 0x1002 0x0 0x0 0x63d0005 0x69 0x242ca9f68c0 0xf99 0x0 0x0 0x6400007 0x9a8 0x140 0x65a 0x6490007 0x0 0x528 0x65a 0x6570005 0x0 0x242cb47e340 0x65a 0x0 0x0 0x6640007 0x65a 0xb8 0x1018 0x66a0005 0x0 0x242cb47e340 0x1018 0x0 0x0 0x6740002 0x1018 0x67c0005 0x0 0x242cb47e340 0x1018 0x0 0x0 0x6890002 0x1018 0x68f0003 0x1018 0xffffffffffffff60 0x6920003 0x65a 0x420 0x69a0005 0x45 0x242ca9f68c0 0x963 0x0 0x0 0x69d0007 0x86b 0x38 0x13d 0x6a40003 0x13d 0x3b8 0x6ac0005 0x39 0x242ca9f68c0 0x832 0x0 0x0 0x6af0007 0x1bd 0x160 0x6ae 0x6b80007 0x0 0x350 0x6ae 0x6c20005 0x0 0x242cb47e340 0x6ae 0x0 0x0 0x6cf0007 0x6ae 0xd8 0x19fa 0x6d50005 0x0 0x242cb47e340 0x19fa 0x0 0x0 0x6df0005 0x0 0x242cb47e340 0x19fa 0x0 0x0 0x6ec0002 0x19fa 0x6f60005 0xad 0x242cb4832b0 0x194d 0x0 0x0 0x6f90003 0x19fa 0xffffffffffffff40 0x6fc0003 0x6ae 0x228 0x7030005 0x13 0x242ca9f68c0 0x1aa 0x0 0x0 0x7060007 0x1bd 0x48 0x0 0x70f0002 0x0 0x7140003 0x0 0x1b0 0x71c0005 0x13 0x242ca9f68c0 0x1aa 0x0 0x0 0x71f0007 0x1bd 0x48 0x0 0x7280002 0x0 0x72d0003 0x0 0x138 0x7350005 0x13 0x242ca9f68c0 0x1aa 0x0 0x0 0x7380007 0x0 0x58 0x1bd 0x7410007 0x0 0xd0 0x1bd 0x7510003 0x1bd 0xb0 0x7590005 0x0 0x0 0x0 0x0 0x0 0x75c0007 0x0 0x58 0x0 0x7650007 0x0 0x48 0x0 0x7780003 0x0 0x28 0x78b0002 0x0 0x7a20003 0x1002 0xfffffffffffffa08 0x7ac0007 0x0 0x38 0x6ae 0x7b00003 0x6ae 0x18 0x7b80007 0x4f1 0x148 0x1bd 0x7e80007 0x0 0x30 0x1bd 0x7ed0002 0x1bd 0x7fa0007 0x1bd 0xf8 0x22f8 0x8040007 0x22af 0xc0 0x49 0x80c0005 0x0 0x242cb47e340 0x49 0x0 0x0 0x8130007 0x0 0x70 0x49 0x81a0007 0x38 0x50 0x11 0x82c0007 0x4 0x30 0xd 0x8340002 0xd 0x83b0003 0x22f8 0xffffffffffffff20 0x8400007 0x0 0x70 0x6ae 0x84b0007 0x6ae 0x50 0x0 0x8550005 0x0 0x0 0x0 0x0 0x0 0x85f0002 0x6ae 0x86b0002 0x6ae 0x87b0007 0x0 0x38 0x6ae 0x8800003 0x6ae 0x18 0x88e0007 0x6ae 0x2388 0x8080 0x89b0005 0x0 0x242cb47e340 0x8080 0x0 0x0 0x8a70007 0x6155 0x88 0x1f2b 0x8b30007 0x0 0x38 0x1f2b 0x8b70003 0x1f2b 0x18 0x8bb0005 0xca 0x242cb4832b0 0x1e61 0x0 0x0 0x8c00007 0x48ba 0x198 0x40ac 0x8c90007 0x729 0x40 0x3983 0x8d10007 0x37c6 0x158 0x1bd 0x8d90007 0x1bd 0xd8 0x729 0x8de0007 0x0 0x40 0x729 0x8e30007 0x0 0x68 0x729 0x8f80005 0x0 0x242cb483200 0x729 0x0 0x0 0x8fb0003 0x729 0x48 0x9130005 0x0 0x0 0x0 0x0 0x0 0x91d0007 0x1bd 0x48 0x729 0x9280002 0x729 0x92d0003 0x729 0xfffffffffffffe98 0x9330003 0x1bd 0xfffffffffffffe80 0x9380007 0x807f 0x70 0x0 0x9420007 0x0 0x50 0x0 0x94d0005 0x0 0x0 0x0 0x0 0x0 0x9600008 0x1bc 0x0 0x1e30 0x0 0xdf0 0x4 0xdf0 0x4 0xdf0 0x1a 0xdf0 0x18 0xdf0 0x1 0xdf0 0x0 0xdf0 0x0 0xdf0 0x0 0xdf0 0x0 0xdf0 0x0 0xdf0 0x0 0xdf0 0x0 0xdf0 0x0 0xdf0 0x0 0xdf0 0x0 0xdf0 0x6 0x1648 0x0 0x1690 0x1d 0x1708 0x0 0x1780 0x0 0x1780 0xf 0x1600 0x0 0x1600 0x0 0x1600 0x0 0x1600 0x33 0x1600 0x1 0xe38 0x6 0xe38 0x7 0xe38 0x2 0xe38 0x0 0xe38 0x0 0xe38 0x0 0xe38 0x0 0xe38 0x0 0xe38 0x0 0xe38 0x0 0xe38 0x0 0xe38 0x0 0xe38 0x0 0xe38 0x0 0xe38 0x0 0xe38 0x4c 0xe38 0x25 0xe38 0x17 0xe38 0xc 0xe38 0x0 0xdf0 0x0 0xdf0 0x0 0xdf0 0x0 0xdf0 0x8 0xdf0 0x0 0xdf0 0x0 0xdf0 0x0 0xdf0 0x8 0x1600 0x0 0x1600 0x0 0x1600 0x0 0x1600 0x1c 0x1600 0x0 0xe80 0x4 0xe80 0x3 0xe80 0x4 0xe80 0x0 0xe80 0x0 0xe80 0x0 0xe80 0x0 0xe80 0x0 0xe80 0x0 0xe80 0x0 0xe80 0x0 0xe80 0x0 0xe80 0x0 0xe80 0x0 0xe80 0x0 0xe80 0x2 0xe80 0x5 0xe80 0x5 0xe80 0x4 0xe80 0x0 0xdf0 0x0 0xdf0 0x0 0xdf0 0x0 0xdf0 0x6 0xdf0 0x0 0xdf0 0x0 0xdf0 0x0 0xdf0 0x6 0xdf0 0x0 0xdf0 0x1b 0xdf0 0x0 0xdf0 0x0 0xdf0 0x0 0xdf0 0x0 0xdf0 0x0 0xdf0 0x0 0xdf0 0x5 0xdf0 0x0 0xdf0 0x0 0xdf0 0x0 0xdf0 0x1 0xdf0 0x0 0xdf0 0x0 0xdf0 0x0 0xdf0 0x1 0xdf0 0x0 0xdf0 0x0 0xdf0 0x0 0xdf0 0x0 0xdf0 0x0 0xdf0 0x0 0xdf0 0x0 0xdf0 0x0 0xdf0 0x0 0xdf0 0x0 0xdf0 0x0 0xdf0 0x0 0xdf0 0x0 0xdf0 0x0 0xdf0 0x0 0xdf0 0x0 0xdf0 0x0 0xdf0 0x0 0xdf0 0x0 0xdf0 0x0 0xdf0 0x0 0xdf0 0x0 0xdf0 0x0 0xdf0 0x2 0xdf0 0x0 0xdf0 0x0 0xdf0 0x0 0xdf0 0x2 0x1d70 0x0 0xdf0 0x0 0xdf0 0x0 0xdf0 0x0 0xdf0 0x0 0xdf0 0x0 0xdf0 0x0 0xdf0 0x0 0xdf0 0x0 0xdf0 0x0 0xdf0 0x0 0xdf0 0x0 0xdf0 0x0 0xdf0 0x0 0xdf0 0x0 0xdf0 0x0 0xdf0 0x0 0xdf0 0x0 0xdf0 0x0 0xdf0 0x0 0xdf0 0x1e 0xec8 0xe 0xec8 0x0 0xec8 0x0 0xec8 0x0 0xec8 0x0 0xec8 0x2 0xec8 0x3 0xec8 0x0 0xec8 0x2 0xec8 0x0 0xec8 0x1 0xec8 0x1 0xec8 0x1 0xec8 0x1c 0xec8 0x0 0xec8 0x0 0x1600 0x0 0x1320 0x0 0x1490 0x12 0xdf0 0x0 0xdf0 0x0 0xdf0 0x0 0xdf0 0x10 0xdf0 0x9 0xdf0 0x7 0x1828 0x2 0x1828 0x8 0x1828 0xa 0x1828 0x5d 0x1828 0x1b 0x1828 0x1c 0x1828 0x1a 0x1828 0x0 0x1a38 0x16 0x1cf8 0x0 0x1648 0x2 0x1cf8 0x2 0xdf0 0x2 0xdf0 0x9 0x1cf8 0x0 0x1cf8 0x0 0xdf0 0x0 0xdf0 0x0 0x11e0 0x0 0x1db8 0x3 0xec8 0x3 0xec8 0x0 0xf40 0x0 0xf40 0x0 0xfb8 0x0 0xfb8 0x0 0xfb8 0x0 0xfb8 0x0 0xfb8 0x0 0xfb8 0x0 0xfb8 0x0 0xfb8 0x0 0xfb8 0x0 0xfb8 0x0 0xfb8 0x0 0xfb8 0x0 0xfb8 0x0 0xfb8 0x0 0xfb8 0x0 0xfb8 0x0 0xfb8 0x0 0xfb8 0x0 0x1168 0xce70005 0x0 0x242cb483200 0x215b 0x0 0x0 0xced0003 0x215b 0x1020 0xcff0005 0x0 0x242cb483200 0x1b16 0x0 0x0 0xd050003 0x1b16 0xfd8 0xd170005 0x0 0x242cb483200 0x405 0x0 0x0 0xd1d0003 0x405 0xf90 0xd2c0005 0x0 0x242cb47e340 0x965 0x0 0x0 0xd310005 0x0 0x242cb483200 0x965 0x0 0x0 0xd370003 0x965 0xf18 0xd490005 0x0 0x0 0x0 0x0 0x0 0xd4e0005 0x0 0x0 0x0 0x0 0x0 0xd540003 0x0 0xea0 0xd5c0007 0x0 0x38 0x0 0xd640003 0x0 0x18 0xd770005 0x0 0x0 0x0 0x0 0x0 0xd830007 0x0 0x40 0x0 0xd8b0007 0x0 0x68 0x0 0xd960005 0x0 0x0 0x0 0x0 0x0 0xd990003 0x0 0xc0 0xda10007 0x0 0x38 0x0 0xdac0003 0x0 0x18 0xdbc0002 0x0 0xdc60005 0x0 0x0 0x0 0x0 0x0 0xdcf0005 0x0 0x0 0x0 0x0 0x0 0xdd80003 0x0 0xcf0 0xde80005 0x0 0x0 0x0 0x0 0x0 0xded0005 0x0 0x0 0x0 0x0 0x0 0xdf60003 0x0 0xc78 0xe0b0007 0x0 0xc8 0x0 0xe140005 0x0 0x0 0x0 0x0 0x0 0xe1c0005 0x0 0x0 0x0 0x0 0x0 0xe1f0005 0x0 0x0 0x0 0x0 0x0 0xe250003 0x0 0xbb0 0xe300005 0x0 0x0 0x0 0x0 0x0 0xe330005 0x0 0x0 0x0 0x0 0x0 0xe390003 0x0 0xb38 0xe4e0005 0x0 0x242cb47e340 0x6 0x0 0x0 0xe5a0005 0x0 0x242cb47e340 0x6 0x0 0x0 0xe650005 0x0 0x242cb47e340 0x6 0x0 0x0 0xe810007 0x6 0x98 0x2c 0xe8f0005 0x0 0x242cb47e340 0x2c 0x0 0x0 0xe940004 0x0 0x242cb4832b0 0x2c 0x0 0x0 0xe9b0003 0x2c 0xffffffffffffff80 0xea70005 0x0 0x242cb483200 0x6 0x0 0x0 0xeaa0003 0x6 0x9c8 0xebf0005 0x0 0x242cb47e340 0x3 0x0 0x0 0xecb0005 0x0 0x242cb47e340 0x3 0x0 0x0 0xee70007 0x3 0xc8 0x1b 0xef10005 0x0 0x242cb47e340 0x1b 0x0 0x0 0xf020005 0x0 0x242cb47e340 0x1b 0x0 0x0 0xf070004 0x0 0x242cb4832b0 0x1b 0x0 0x0 0xf0e0003 0x1b 0xffffffffffffff50 0xf180005 0x0 0x242cb483200 0x3 0x0 0x0 0xf1b0003 0x3 0x858 0xf2c0005 0x0 0x242cb483200 0x925 0x0 0x0 0xf320003 0x925 0x810 0xf3f0005 0x0 0x242cb483200 0x1d8 0x0 0x0 0xf450003 0x1d8 0x7c8 0xf500005 0x0 0x242cb47e340 0x60 0x0 0x0 0xf530005 0x0 0x242cb483200 0x60 0x0 0x0 0xf590003 0x60 0x750 0xf6b0005 0x0 0x242cb47e340 0x516 0x0 0x0 0xf6e0005 0x0 0x242cb483200 0x516 0x0 0x0 0xf740003 0x516 0x6d8 0xf7e0005 0x0 0x242cb47e340 0x192 0x0 0x0 0xf830005 0x0 0x242cb47e340 0x192 0x0 0x0 0xf860005 0x0 0x242cb483200 0x192 0x0 0x0 0xf8c0003 0x192 0x630 0xf980005 0x0 0x242cb47e340 0x1eea 0x0 0x0 0xfa70005 0x0 0x242cb47e340 0x1eea 0x0 0x0 0xfb20005 0x0 0x242cb47e340 0x1eea 0x0 0x0 0xfbc0005 0x0 0x242cb47e340 0x1eea 0x0 0x0 0xfc80005 0x0 0x242cb47e340 0x1eea 0x0 0x0 0xfd20007 0x16f0 0x68 0x7fa 0xfde0005 0x0 0x242cb483200 0x7fa 0x0 0x0 0xfe10003 0x7fa 0x80 0xfed0007 0x1432 0x38 0x2be 0xff10003 0x2be 0x18 0x10020005 0x0 0x242cb483200 0x16f0 0x0 0x0 0x100a0007 0x1c2d 0x38 0x2bd 0x10100003 0x2bd 0x438 0x10160003 0x1c2d 0x420 0x10220005 0x0 0x242cb47e340 0x11 0x0 0x0 0x10310005 0x0 0x242cb47e340 0x11 0x0 0x0 0x103c0005 0x0 0x242cb47e340 0x11 0x0 0x0 0x10480005 0x0 0x242cb47e340 0x11 0x0 0x0 0x10540005 0x0 0x242cb47e340 0x11 0x0 0x0 0x105e0005 0x0 0x242cb47e340 0x11 0x0 0x0 0x10630005 0x0 0x242cb47e340 0x11 0x0 0x0 0x10660004 0x0 0x242cb483360 0x11 0x0 0x0 0x10700005 0x0 0x242cb47e340 0x11 0x0 0x0 0x10830007 0x11 0xc8 0x33 0x108e0005 0x0 0x242cb47e340 0x33 0x0 0x0 0x10930005 0x0 0x242cb47e340 0x33 0x0 0x0 0x10960004 0x0 0x242cb483410 0x22 0x242cb483360 0x11 0x109d0003 0x33 0xffffffffffffff50 0x10a90005 0x0 0x242cb483200 0x11 0x0 0x0 0x10af0003 0x11 0x160 0x10bc0005 0x0 0x242cb47e340 0x52d 0x0 0x0 0x10bf0005 0x0 0x242cb483200 0x52d 0x0 0x0 0x10c50003 0x52d 0xe8 0x10db0005 0x0 0x242cb483200 0x6f 0x0 0x0 0x10e10003 0x6f 0xa0 0x10ec0005 0x0 0x0 0x0 0x0 0x0 0x10fa0005 0x0 0x0 0x0 0x0 0x0 0x11000003 0x0 0x28 0x11070002 0x0 0x110d0007 0x807f 0x128 0x0 0x11150007 0x0 0x108 0x0 0x111c0007 0x0 0xe8 0x0 0x11230007 0x0 0xa0 0x0 0x112d0002 0x0 0x11370005 0x0 0x0 0x0 0x0 0x0 0x114c0005 0x0 0x0 0x0 0x0 0x0 0x11540002 0x0 0x11600002 0x0 0x11650003 0x0 0xfffffffffffffef0 0x116a0007 0x807f 0x128 0x0 0x11720007 0x0 0x108 0x0 0x11790007 0x0 0xe8 0x0 0x11800007 0x0 0xa0 0x0 0x118a0002 0x0 0x11940005 0x0 0x0 0x0 0x0 0x0 0x11a90005 0x0 0x0 0x0 0x0 0x0 0x11b10002 0x0 0x11bd0002 0x0 0x11c20003 0x0 0xfffffffffffffef0 0x11c50003 0x807f 0xffffffffffffdc90 0x11cd0007 0x56 0x50 0x658 0x11d60005 0x0 0x242cb483200 0x658 0x0 0x0 0x11db0007 0x54 0x390 0x65a 0x11e40007 0x0 0x370 0x65a 0x11ec0007 0x51d 0xe8 0x13d 0x11f20005 0x0 0x242cb47e340 0x13d 0x0 0x0 0x12080007 0x13d 0x98 0x1d6 0x12250005 0x0 0x242cb47e340 0x1d6 0x0 0x0 0x12330005 0x0 0x242cb47e340 0x1d6 0x0 0x0 0x123a0003 0x1d6 0xffffffffffffff80 0x12400005 0x0 0x242cb47e340 0x65a 0x0 0x0 0x12500007 0x65a 0x238 0x1018 0x12560005 0x0 0x242cb47e340 0x1018 0x0 0x0 0x12600005 0x0 0x242cb47e340 0x1018 0x0 0x0 0x126c0005 0x0 0x242cb47e340 0x1018 0x0 0x0 0x12790005 0x0 0x242cb47e340 0x1018 0x0 0x0 0x12840005 0x0 0x242cb47e340 0x1018 0x0 0x0 0x12910007 0xb5d 0xe0 0x4bb 0x129c0007 0x2e5 0xc0 0x753 0x12a60007 0x3be 0x88 0x395 0x12b20007 0x1bf 0x68 0x1d6 0x12bf0005 0x0 0x242cb47e340 0x1d6 0x0 0x0 0x12c40003 0x1d6 0x30 0x12ca0003 0x57d 0xffffffffffffff58 0x12e30005 0x0 0x242cb483200 0x1018 0x0 0x0 0x12e60003 0x1018 0xfffffffffffffde0 0x12eb0007 0x6ae 0x148 0x0 0x12fe0007 0x0 0x128 0x0 0x130b0005 0x0 0x0 0x0 0x0 0x0 0x13140007 0x0 0x40 0x0 0x131b0007 0x0 0xa0 0x0 0x13220002 0x0 0x132c0005 0x0 0x0 0x0 0x0 0x0 0x134d0005 0x0 0x0 0x0 0x0 0x0 0x13550002 0x0 0x135c0003 0x0 0xfffffffffffffef0 0x13610007 0x6ae 0x148 0x0 0x13740007 0x0 0x128 0x0 0x13810005 0x0 0x0 0x0 0x0 0x0 0x138a0007 0x0 0x40 0x0 0x13910007 0x0 0xa0 0x0 0x13980002 0x0 0x13a20005 0x0 0x0 0x0 0x0 0x0 0x13c30005 0x0 0x0 0x0 0x0 0x0 0x13cb0002 0x0 0x13d20003 0x0 0xfffffffffffffef0 0x13d70007 0x6ae 0x68 0x0 0x13ea0005 0x0 0x0 0x0 0x0 0x0 0x13f10003 0x0 0xffffffffffffffb0 0x13f90005 0x0 0x242cb483200 0x6ae 0x0 0x0 oops 101 2 org/jacoco/agent/rt/internal_4742761/asm/ClassReader 8 org/jacoco/agent/rt/internal_4742761/asm/ClassReader 14 org/jacoco/agent/rt/internal_4742761/asm/ClassReader 479 org/jacoco/agent/rt/internal_4742761/asm/ClassReader 548 org/jacoco/agent/rt/internal_4742761/asm/ClassReader 556 org/jacoco/agent/rt/internal_4742761/asm/ClassReader 562 org/jacoco/agent/rt/internal_4742761/asm/ClassReader 572 org/jacoco/agent/rt/internal_4742761/asm/ClassReader 583 org/jacoco/agent/rt/internal_4742761/asm/ClassReader 591 org/jacoco/agent/rt/internal_4742761/asm/ClassReader 601 org/jacoco/agent/rt/internal_4742761/asm/ClassReader 629 org/jacoco/agent/rt/internal_4742761/asm/ClassReader 639 org/jacoco/agent/rt/internal_4742761/asm/ClassReader 647 org/jacoco/agent/rt/internal_4742761/asm/ClassReader 655 org/jacoco/agent/rt/internal_4742761/asm/ClassReader 663 org/jacoco/agent/rt/internal_4742761/asm/ClassReader 669 org/jacoco/agent/rt/internal_4742761/asm/ClassReader 675 org/jacoco/agent/rt/internal_4742761/core/internal/flow/ClassProbesAdapter$2 684 org/jacoco/agent/rt/internal_4742761/asm/ClassReader 694 org/jacoco/agent/rt/internal_4742761/asm/ClassReader 700 org/jacoco/agent/rt/internal_4742761/asm/ClassReader 706 java/lang/String 720 org/jacoco/agent/rt/internal_4742761/asm/ClassReader 730 org/jacoco/agent/rt/internal_4742761/asm/ClassReader 738 org/jacoco/agent/rt/internal_4742761/asm/ClassReader 752 java/lang/String 765 java/lang/String 779 org/jacoco/agent/rt/internal_4742761/asm/ClassReader 789 org/jacoco/agent/rt/internal_4742761/asm/ClassReader 795 org/jacoco/agent/rt/internal_4742761/asm/ClassReader 803 org/jacoco/agent/rt/internal_4742761/asm/Label 815 java/lang/String 830 java/lang/String 845 java/lang/String 909 org/jacoco/agent/rt/internal_4742761/asm/ClassReader 961 org/jacoco/agent/rt/internal_4742761/asm/ClassReader 978 org/jacoco/agent/rt/internal_4742761/asm/Label 1008 org/jacoco/agent/rt/internal_4742761/core/internal/flow/ClassProbesAdapter$2 1495 org/jacoco/agent/rt/internal_4742761/core/internal/flow/ClassProbesAdapter$2 1504 org/jacoco/agent/rt/internal_4742761/core/internal/flow/ClassProbesAdapter$2 1513 org/jacoco/agent/rt/internal_4742761/core/internal/flow/ClassProbesAdapter$2 1522 org/jacoco/agent/rt/internal_4742761/asm/ClassReader 1528 org/jacoco/agent/rt/internal_4742761/core/internal/flow/ClassProbesAdapter$2 1661 org/jacoco/agent/rt/internal_4742761/asm/ClassReader 1667 org/jacoco/agent/rt/internal_4742761/asm/ClassReader 1673 org/jacoco/agent/rt/internal_4742761/asm/ClassReader 1683 org/jacoco/agent/rt/internal_4742761/asm/ClassReader 1689 org/jacoco/agent/rt/internal_4742761/asm/Label 1698 org/jacoco/agent/rt/internal_4742761/core/internal/flow/ClassProbesAdapter$2 1707 org/jacoco/agent/rt/internal_4742761/asm/ClassReader 1713 org/jacoco/agent/rt/internal_4742761/asm/ClassReader 1723 org/jacoco/agent/rt/internal_4742761/asm/ClassReader 1729 org/jacoco/agent/rt/internal_4742761/asm/ClassReader 1735 org/jacoco/agent/rt/internal_4742761/asm/Label 1744 org/jacoco/agent/rt/internal_4742761/core/internal/flow/ClassProbesAdapter$2 1753 org/jacoco/agent/rt/internal_4742761/core/internal/flow/ClassProbesAdapter$2 1762 org/jacoco/agent/rt/internal_4742761/core/internal/flow/ClassProbesAdapter$2 1771 org/jacoco/agent/rt/internal_4742761/asm/ClassReader 1777 org/jacoco/agent/rt/internal_4742761/core/internal/flow/ClassProbesAdapter$2 1786 org/jacoco/agent/rt/internal_4742761/asm/ClassReader 1792 org/jacoco/agent/rt/internal_4742761/core/internal/flow/ClassProbesAdapter$2 1801 org/jacoco/agent/rt/internal_4742761/asm/ClassReader 1807 org/jacoco/agent/rt/internal_4742761/asm/ClassReader 1813 org/jacoco/agent/rt/internal_4742761/core/internal/flow/ClassProbesAdapter$2 1822 org/jacoco/agent/rt/internal_4742761/asm/ClassReader 1828 org/jacoco/agent/rt/internal_4742761/asm/ClassReader 1834 org/jacoco/agent/rt/internal_4742761/asm/ClassReader 1840 org/jacoco/agent/rt/internal_4742761/asm/ClassReader 1846 org/jacoco/agent/rt/internal_4742761/asm/ClassReader 1856 org/jacoco/agent/rt/internal_4742761/core/internal/flow/ClassProbesAdapter$2 1872 org/jacoco/agent/rt/internal_4742761/core/internal/flow/ClassProbesAdapter$2 1888 org/jacoco/agent/rt/internal_4742761/asm/ClassReader 1894 org/jacoco/agent/rt/internal_4742761/asm/ClassReader 1900 org/jacoco/agent/rt/internal_4742761/asm/ClassReader 1906 org/jacoco/agent/rt/internal_4742761/asm/ClassReader 1912 org/jacoco/agent/rt/internal_4742761/asm/ClassReader 1918 org/jacoco/agent/rt/internal_4742761/asm/ClassReader 1924 org/jacoco/agent/rt/internal_4742761/asm/ClassReader 1930 org/jacoco/agent/rt/internal_4742761/asm/Handle 1936 org/jacoco/agent/rt/internal_4742761/asm/ClassReader 1946 org/jacoco/agent/rt/internal_4742761/asm/ClassReader 1952 org/jacoco/agent/rt/internal_4742761/asm/ClassReader 1958 org/jacoco/agent/rt/internal_4742761/asm/Type 1960 org/jacoco/agent/rt/internal_4742761/asm/Handle 1967 org/jacoco/agent/rt/internal_4742761/core/internal/flow/ClassProbesAdapter$2 1976 org/jacoco/agent/rt/internal_4742761/asm/ClassReader 1982 org/jacoco/agent/rt/internal_4742761/core/internal/flow/ClassProbesAdapter$2 1991 org/jacoco/agent/rt/internal_4742761/core/internal/flow/ClassProbesAdapter$2 2098 org/jacoco/agent/rt/internal_4742761/core/internal/flow/ClassProbesAdapter$2 2116 org/jacoco/agent/rt/internal_4742761/asm/ClassReader 2126 org/jacoco/agent/rt/internal_4742761/asm/ClassReader 2132 org/jacoco/agent/rt/internal_4742761/asm/ClassReader 2141 org/jacoco/agent/rt/internal_4742761/asm/ClassReader 2151 org/jacoco/agent/rt/internal_4742761/asm/ClassReader 2157 org/jacoco/agent/rt/internal_4742761/asm/ClassReader 2163 org/jacoco/agent/rt/internal_4742761/asm/ClassReader 2169 org/jacoco/agent/rt/internal_4742761/asm/ClassReader 2175 org/jacoco/agent/rt/internal_4742761/asm/ClassReader 2197 org/jacoco/agent/rt/internal_4742761/asm/ClassReader 2209 org/jacoco/agent/rt/internal_4742761/core/internal/flow/ClassProbesAdapter$2 2313 org/jacoco/agent/rt/internal_4742761/core/internal/flow/ClassProbesAdapter$2
ciMethodData org/jacoco/agent/rt/internal_4742761/asm/ClassReader computeImplicitFrame (Lorg/jacoco/agent/rt/internal_4742761/asm/Context;)V 2 10752 orig 264 224 132 146 90 0 0 0 0 144 224 202 199 66 2 0 0 8 8 0 0 232 0 0 0 0 0 0 0 0 0 0 0 0 0 0 0 0 0 0 0 0 0 0 0 0 0 0 0 0 0 0 0 0 0 0 0 0 0 0 0 0 0 0 0 0 0 0 0 0 0 0 0 0 0 0 0 0 0 0 0 77 68 79 32 101 120 116 114 97 32 100 97 116 97 32 108 111 99 107 0 0 0 0 0 0 0 0 0 0 0 0 0 0 0 0 0 0 0 0 0 0 0 0 0 0 0 0 0 0 0 0 0 0 0 0 0 0 0 0 0 0 0 0 0 0 0 0 0 0 0 0 0 0 0 0 0 0 0 0 0 0 0 0 0 0 0 0 0 0 0 0 0 0 0 0 0 0 0 0 0 0 0 0 0 0 0 0 0 0 0 0 0 0 0 0 0 0 0 0 0 0 0 0 0 0 0 0 0 0 0 0 0 0 0 0 0 180 3 0 0 233 13 0 0 97 50 1 0 0 0 0 0 0 0 0 0 2 0 0 0 4 0 69 0 2 0 0 0 184 6 0 0 255 255 255 255 7 0 20 0 0 0 0 0 data 215 0x140007 0xd3 0x118 0xea 0x1e0005 0x1d 0x242ca9f68c0 0xcd 0x0 0x0 0x210007 0xdd 0x68 0xd 0x2d0004 0x0 0x242c8185300 0xd 0x0 0x0 0x2e0003 0xd 0x78 0x420005 0x0 0x242cb47e340 0xdd 0x0 0x0 0x450004 0x0 0x242ca9f68c0 0xdd 0x0 0x0 0x530005 0x137 0x242ca9f68c0 0x2b9 0x0 0x0 0x560008 0x36 0x74 0x558 0x0 0x1c0 0x4 0x1c0 0x0 0x298 0x0 0x558 0x0 0x208 0x0 0x558 0x0 0x558 0x11 0x1c0 0x0 0x250 0x0 0x558 0x9d 0x478 0x0 0x558 0x0 0x558 0x0 0x558 0x0 0x558 0x0 0x558 0x0 0x558 0x0 0x1c0 0x0 0x558 0x0 0x558 0x0 0x558 0x0 0x558 0x0 0x558 0x0 0x558 0x7 0x1c0 0xa 0x2e0 0xd50004 0x0 0x242c8185300 0x67 0x0 0x0 0xd60003 0x67 0x368 0xe20004 0x0 0x242c8185300 0x1 0x0 0x0 0xe30003 0x1 0x320 0xef0004 0x0 0x242c8185300 0xa 0x0 0x0 0xf00003 0xa 0x2d8 0xfc0004 0x0 0x242c8185300 0x2 0x0 0x0 0xfd0003 0x2 0x290 0x1030005 0xa 0x242ca9f68c0 0x22 0x0 0x0 0x1080007 0x2c 0x38 0x0 0x10e0003 0x0 0xffffffffffffffb0 0x1140005 0xa 0x242ca9f68c0 0x22 0x0 0x0 0x1190007 0x14 0x88 0x18 0x1220005 0x77 0x242ca9f68c0 0x148 0x0 0x0 0x1270007 0x18 0x38 0x1a7 0x12d0003 0x1a7 0xffffffffffffffb0 0x13e0005 0xa 0x242ca9f68c0 0x22 0x0 0x0 0x1410004 0x0 0x242ca9f68c0 0x2c 0x0 0x0 0x1420003 0x2c 0xf8 0x1480005 0xb82 0x242ca9f68c0 0x1883 0x0 0x0 0x14d0007 0x193 0x38 0x2272 0x1530003 0x2272 0xffffffffffffffb0 0x1660005 0x9d 0x242ca9f68c0 0xf6 0x0 0x0 0x1690004 0x0 0x242ca9f68c0 0x193 0x0 0x0 0x16a0003 0x193 0x18 0x1740003 0x233 0xfffffffffffffa78 oops 17 6 java/lang/String 16 java/lang/Integer 25 org/jacoco/agent/rt/internal_4742761/asm/ClassReader 31 java/lang/String 37 java/lang/String 99 java/lang/Integer 108 java/lang/Integer 117 java/lang/Integer 126 java/lang/Integer 135 java/lang/String 148 java/lang/String 158 java/lang/String 171 java/lang/String 177 java/lang/String 186 java/lang/String 199 java/lang/String 205 java/lang/String
ciMethodData org/jacoco/agent/rt/internal_4742761/asm/ClassReader getTypeAnnotationBytecodeOffset ([II)I 2 3648 orig 264 224 132 146 90 0 0 0 0 96 208 202 199 66 2 0 0 24 2 0 0 112 0 0 0 0 0 0 0 0 0 0 0 0 0 0 0 0 0 0 0 0 0 0 0 0 0 0 0 0 0 0 0 0 0 0 0 0 0 0 0 0 0 0 0 0 0 0 0 0 0 0 0 0 0 0 0 0 0 0 0 77 68 79 32 101 120 116 114 97 32 100 97 116 97 32 108 111 99 107 0 0 0 0 0 0 0 0 0 0 0 0 0 0 0 0 0 0 0 0 0 0 0 0 0 0 0 0 0 0 0 0 0 0 0 0 0 0 0 0 0 0 0 0 0 0 0 0 0 0 0 0 0 0 0 0 0 0 0 0 0 0 0 0 0 0 0 0 0 0 0 0 0 0 0 0 0 0 0 0 0 0 0 0 0 0 0 0 0 0 0 0 0 0 0 0 0 0 0 0 0 0 0 0 0 0 0 0 0 0 0 0 0 0 0 0 0 228 0 0 0 225 106 0 0 1 0 0 0 0 0 0 0 0 0 0 0 2 0 0 0 0 0 0 0 0 0 0 0 192 0 0 0 255 255 255 255 7 0 1 0 0 0 0 0 data 24 0x10007 0xd5c 0x90 0x0 0x70007 0x0 0x70 0x0 0xe0005 0x0 0x0 0x0 0x0 0x0 0x130007 0x0 0x20 0x0 0x1e0005 0x0 0x0 0x0 0x0 0x0 oops 0
ciMethodData org/jacoco/agent/rt/internal_4742761/asm/ClassReader readStackMapFrame (IZZLorg/jacoco/agent/rt/internal_4742761/asm/Context;)I 2 2361 orig 264 224 132 146 90 0 0 0 0 112 228 202 199 66 2 0 0 40 5 0 0 160 3 0 0 0 0 0 0 0 0 0 0 0 0 0 0 0 0 0 0 0 0 0 0 0 0 0 0 0 0 0 0 0 0 0 0 0 0 0 0 0 0 0 0 0 0 0 0 0 0 0 0 0 0 0 0 0 0 0 0 77 68 79 32 101 120 116 114 97 32 100 97 116 97 32 108 111 99 107 0 0 0 0 0 0 0 0 0 0 0 0 0 0 0 0 0 0 0 0 0 0 0 0 0 0 0 0 0 0 0 0 0 0 0 0 0 0 0 0 0 0 0 0 0 0 0 0 0 0 0 0 0 0 0 0 0 0 0 0 0 0 0 0 0 0 0 0 0 0 0 0 0 0 0 0 0 0 0 0 0 0 0 0 0 0 0 0 0 0 0 0 0 0 0 0 0 0 0 0 0 0 0 0 0 0 0 0 0 0 0 0 0 0 0 0 0 43 1 0 0 73 57 0 0 113 64 0 0 0 0 0 0 0 0 0 0 2 0 0 0 3 0 41 0 2 0 0 0 192 3 0 0 255 255 255 255 7 0 18 0 0 0 0 0 data 120 0x120007 0x0 0x38 0x729 0x250003 0x729 0x18 0x3d0007 0x3fe 0x38 0x32b 0x500003 0x32b 0x358 0x580007 0x280 0x48 0x17e 0x6f0002 0x17e 0x800003 0x17e 0x310 0x880007 0x0 0x2e8 0x280 0x8e0005 0x0 0x242cb47e340 0x280 0x0 0x0 0x9b0007 0x27f 0x48 0x1 0xab0002 0x1 0xbc0003 0x1 0x278 0xc40007 0x0 0x58 0x27f 0xcc0007 0x1f9 0x38 0x86 0xf50003 0x86 0x220 0xfd0007 0x1f0 0x38 0x9 0x10c0003 0x9 0x1e8 0x1140007 0xf2 0xb8 0xfe 0x1180007 0x0 0x38 0xfe 0x1200003 0xfe 0x18 0x1300007 0xfe 0x48 0x190 0x1440002 0x190 0x14c0003 0x190 0xffffffffffffffd0 0x1750003 0xfe 0x130 0x17b0005 0x0 0x242cb47e340 0xf2 0x0 0x0 0x19e0007 0xf2 0x48 0x5b4 0x1af0002 0x5b4 0x1b70003 0x5b4 0xffffffffffffffd0 0x1bd0005 0x0 0x242cb47e340 0xf2 0x0 0x0 0x1d30007 0xf2 0x48 0xca 0x1e40002 0xca 0x1ec0003 0xca 0xffffffffffffffd0 0x1ef0003 0xf2 0x28 0x1f60002 0x0 0x2100002 0x729 oops 3 29 org/jacoco/agent/rt/internal_4742761/asm/ClassReader 85 org/jacoco/agent/rt/internal_4742761/asm/ClassReader 100 org/jacoco/agent/rt/internal_4742761/asm/ClassReader
ciMethodData org/jacoco/agent/rt/internal_4742761/asm/ClassReader readConst (I[C)Ljava/lang/Object; 2 1992 orig 264 224 132 146 90 0 0 0 0 96 251 202 199 66 2 0 0 192 5 0 0 32 4 0 0 0 0 0 0 0 0 0 0 0 0 0 0 0 0 0 0 0 0 0 0 0 0 0 0 0 0 0 0 0 0 0 0 0 0 0 0 0 0 0 0 0 0 0 0 0 0 0 0 0 0 0 0 0 0 0 0 77 68 79 32 101 120 116 114 97 32 100 97 116 97 32 108 111 99 107 0 0 0 0 0 0 0 0 0 0 0 0 0 0 0 0 0 0 0 0 0 0 0 0 0 0 0 0 0 0 0 0 0 0 0 0 0 0 0 0 0 0 0 0 0 0 0 0 0 0 0 0 0 0 0 0 0 0 0 0 0 0 0 0 0 0 0 0 0 0 0 0 0 0 0 0 0 0 0 0 0 0 0 0 0 0 0 0 0 0 0 0 0 0 0 0 0 0 0 0 0 0 0 0 0 0 0 0 0 0 0 0 0 0 0 0 0 93 0 0 0 89 59 0 0 1 0 0 0 0 0 0 0 0 0 0 0 2 0 0 0 0 0 69 0 2 0 0 0 104 4 0 0 255 255 255 255 8 0 15 0 0 0 0 0 data 141 0xf0008 0x20 0x0 0x458 0x9 0x110 0x0 0x150 0x1 0x1a0 0x0 0x1e0 0x8 0x230 0xf0 0x270 0x0 0x458 0x0 0x458 0x0 0x458 0x0 0x458 0x0 0x458 0x0 0x458 0x0 0x2e0 0x0 0x2a0 0x0 0x448 0x5a0005 0x0 0x242cb47e340 0x14 0x0 0x0 0x5d0002 0x14 0x630005 0x0 0x242cb47e340 0x1c 0x0 0x0 0x660002 0x1c 0x690002 0x1c 0x6f0005 0x0 0x242cb47e340 0x17 0x0 0x0 0x720002 0x17 0x780005 0x0 0x242cb47e340 0x3 0x0 0x0 0x7b0002 0x3 0x7e0002 0x3 0x850005 0x0 0x242cb47e340 0x52 0x0 0x0 0x880002 0x52 0x8f0005 0x0 0x242cb47e340 0x647 0x0 0x0 0x960005 0x0 0x242cb47e340 0x44 0x0 0x0 0x990002 0x44 0x9f0005 0x0 0x242cb47e340 0x44 0x0 0x0 0xac0005 0x0 0x242cb47e340 0x44 0x0 0x0 0xbb0005 0x0 0x242cb47e340 0x44 0x0 0x0 0xc50005 0x0 0x242cb47e340 0x44 0x0 0x0 0xce0005 0x0 0x242cb47e340 0x44 0x0 0x0 0xd90005 0x0 0x242cb47e340 0x44 0x0 0x0 0xe90007 0x44 0x38 0x0 0xed0003 0x0 0x18 0x1010002 0x44 0x1080002 0x0 0x1100002 0x0 oops 13 36 org/jacoco/agent/rt/internal_4742761/asm/ClassReader 44 org/jacoco/agent/rt/internal_4742761/asm/ClassReader 54 org/jacoco/agent/rt/internal_4742761/asm/ClassReader 62 org/jacoco/agent/rt/internal_4742761/asm/ClassReader 72 org/jacoco/agent/rt/internal_4742761/asm/ClassReader 80 org/jacoco/agent/rt/internal_4742761/asm/ClassReader 86 org/jacoco/agent/rt/internal_4742761/asm/ClassReader 94 org/jacoco/agent/rt/internal_4742761/asm/ClassReader 100 org/jacoco/agent/rt/internal_4742761/asm/ClassReader 106 org/jacoco/agent/rt/internal_4742761/asm/ClassReader 112 org/jacoco/agent/rt/internal_4742761/asm/ClassReader 118 org/jacoco/agent/rt/internal_4742761/asm/ClassReader 124 org/jacoco/agent/rt/internal_4742761/asm/ClassReader
ciMethodData org/jacoco/agent/rt/internal_4742761/asm/tree/MethodNode visitInsn (I)V 2 6292 orig 264 224 132 146 90 0 0 0 0 8 167 206 199 66 2 0 0 144 1 0 0 0 0 0 0 0 0 0 0 0 0 0 0 0 0 0 0 0 0 0 0 0 0 0 0 0 0 0 0 0 0 0 0 0 0 0 0 0 0 0 0 0 0 0 0 0 0 0 0 0 0 0 0 0 0 0 0 0 0 0 0 77 68 79 32 101 120 116 114 97 32 100 97 116 97 32 108 111 99 107 0 0 0 0 0 0 0 0 0 0 0 0 0 0 0 0 0 0 0 0 0 0 0 0 0 0 0 0 0 0 0 0 0 0 0 0 0 0 0 0 0 0 0 0 0 0 0 0 0 0 0 0 0 0 0 0 0 0 0 0 0 0 0 0 0 0 0 0 0 0 0 0 0 0 0 0 0 0 0 0 0 0 0 0 0 0 0 0 0 0 0 0 0 0 0 0 0 0 0 0 0 0 0 0 0 0 0 0 0 0 0 0 0 0 0 0 0 0 2 0 0 161 180 0 0 1 0 0 0 0 0 0 0 0 0 0 0 2 0 0 0 0 0 3 0 2 0 0 0 64 0 0 0 255 255 255 255 2 0 9 0 0 0 0 0 data 8 0x90002 0x1694 0xc0005 0x0 0x242cc8143f0 0x1694 0x0 0x0 oops 1 4 org/jacoco/agent/rt/internal_4742761/asm/tree/InsnList
ciMethodData org/jacoco/agent/rt/internal_4742761/asm/tree/InsnNode <init> (I)V 2 6292 orig 264 224 132 146 90 0 0 0 0 176 4 208 199 66 2 0 0 56 1 0 0 0 0 0 0 0 0 0 0 0 0 0 0 0 0 0 0 0 0 0 0 0 0 0 0 0 0 0 0 0 0 0 0 0 0 0 0 0 0 0 0 0 0 0 0 0 0 0 0 0 0 0 0 0 0 0 0 0 0 0 0 77 68 79 32 101 120 116 114 97 32 100 97 116 97 32 108 111 99 107 0 0 0 0 0 0 0 0 0 0 0 0 0 0 0 0 0 0 0 0 0 0 0 0 0 0 0 0 0 0 0 0 0 0 0 0 0 0 0 0 0 0 0 0 0 0 0 0 0 0 0 0 0 0 0 0 0 0 0 0 0 0 0 0 0 0 0 0 0 0 0 0 0 0 0 0 0 0 0 0 0 0 0 0 0 0 0 0 0 0 0 0 0 0 0 0 0 0 0 0 0 0 0 0 0 0 0 0 0 0 0 0 0 0 0 0 0 0 2 0 0 161 180 0 0 1 0 0 0 0 0 0 0 0 0 0 0 2 0 0 0 0 0 3 0 2 0 0 0 16 0 0 0 255 255 255 255 2 0 2 0 0 0 0 0 data 2 0x20002 0x1694 oops 0
ciMethodData org/jacoco/agent/rt/internal_4742761/asm/tree/MethodNode getLabelNodes ([Ljava/lang/Object;)[Ljava/lang/Object; 2 18109 orig 264 224 132 146 90 0 0 0 0 208 188 206 199 66 2 0 0 104 2 0 0 160 0 0 0 0 0 0 0 0 0 0 0 0 0 0 0 0 0 0 0 0 0 0 0 0 0 0 0 0 0 0 0 0 0 0 0 0 0 0 0 0 0 0 0 0 0 0 0 0 0 0 0 0 0 0 0 0 0 0 0 77 68 79 32 101 120 116 114 97 32 100 97 116 97 32 108 111 99 107 0 0 0 0 0 0 0 0 0 0 0 0 0 0 0 0 0 0 0 0 0 0 0 0 0 0 0 0 0 0 0 0 0 0 0 0 0 0 0 0 0 0 0 0 0 0 0 0 0 0 0 0 0 0 0 0 0 0 0 0 0 0 0 0 0 0 0 0 0 0 0 0 0 0 0 0 0 0 0 0 0 0 0 0 0 0 0 0 0 0 0 0 0 0 0 0 0 0 0 0 0 0 0 0 0 0 0 0 0 0 0 0 0 0 0 0 0 0 8 0 0 89 100 0 0 233 245 1 0 0 0 0 0 0 0 0 0 2 0 0 0 1 0 13 0 2 0 0 0 24 1 0 0 255 255 255 255 7 0 15 0 0 0 0 0 data 35 0xf0007 0xc8b 0x118 0x3ebd 0x190104 0xffffffffffffdc35 0x242ca9f68c0 0x2 0x242cb4832b0 0x11 0x1c0007 0x3eac 0x80 0x11 0x220004 0x0 0x242cb4832b0 0x11 0x0 0x0 0x250005 0x0 0x242cb483200 0x11 0x0 0x0 0x2e0104 0x0 0x242ca9f68c0 0x16aa 0x242c8185300 0xd21 0x320003 0x3ebd 0xffffffffffffff00 oops 6 6 java/lang/String 8 org/jacoco/agent/rt/internal_4742761/asm/Label 16 org/jacoco/agent/rt/internal_4742761/asm/Label 22 org/jacoco/agent/rt/internal_4742761/core/internal/flow/ClassProbesAdapter$2 28 java/lang/String 30 java/lang/Integer
ciMethodData org/jacoco/agent/rt/internal_4742761/asm/tree/Util asArrayList (I[Ljava/lang/Object;)Ljava/util/List; 2 9207 orig 264 224 132 146 90 0 0 0 0 232 139 208 199 66 2 0 0 200 1 0 0 0 0 0 0 0 0 0 0 0 0 0 0 0 0 0 0 0 0 0 0 0 0 0 0 0 0 0 0 0 0 0 0 0 0 0 0 0 0 0 0 0 0 0 0 0 0 0 0 0 0 0 0 0 0 0 0 0 0 0 0 77 68 79 32 101 120 116 114 97 32 100 97 116 97 32 108 111 99 107 0 0 0 0 0 0 0 0 0 0 0 0 0 0 0 0 0 0 0 0 0 0 0 0 0 0 0 0 0 0 0 0 0 0 0 0 0 0 0 0 0 0 0 0 0 0 0 0 0 0 0 0 0 0 0 0 0 0 0 0 0 0 0 0 0 0 0 0 0 0 0 0 0 0 0 0 0 0 0 0 0 0 0 0 0 0 0 0 0 0 0 0 0 0 0 0 0 0 0 0 0 0 0 0 0 0 0 0 0 0 0 0 0 0 0 0 0 0 4 0 0 169 108 0 0 185 255 0 0 0 0 0 0 0 0 0 0 2 0 0 0 1 0 19 0 2 0 0 0 120 0 0 0 255 255 255 255 2 0 5 0 0 0 0 0 data 15 0x50002 0xd95 0xd0007 0xd95 0x68 0x1ff6 0x140005 0x0 0x242cc2441a0 0x1ff6 0x0 0x0 0x1d0003 0x1ff6 0xffffffffffffffb0 oops 1 8 java/util/ArrayList
ciMethodData org/jacoco/agent/rt/internal_4742761/asm/commons/JSRInlinerAdapter visitJumpInsn (ILorg/jacoco/agent/rt/internal_4742761/asm/Label;)V 2 2548 orig 264 224 132 146 90 0 0 0 0 64 121 206 199 66 2 0 0 120 2 0 0 0 0 0 0 0 0 0 0 0 0 0 0 0 0 0 0 0 0 0 0 0 0 0 0 0 0 0 0 0 0 0 0 0 0 0 0 0 0 0 0 0 0 0 0 0 0 0 0 0 0 0 0 0 0 0 0 0 0 0 0 77 68 79 32 101 120 116 114 97 32 100 97 116 97 32 108 111 99 107 0 0 0 0 0 0 0 0 0 0 0 0 0 0 0 0 0 0 0 0 0 0 0 0 0 0 0 0 0 0 0 0 0 0 0 0 0 0 0 0 0 0 0 0 0 0 0 0 0 0 0 0 0 0 0 0 0 0 0 0 0 0 0 0 0 0 0 0 0 0 0 0 0 0 0 0 0 0 0 0 0 0 0 0 0 0 0 0 0 0 0 0 0 0 0 0 0 0 0 0 0 0 0 0 0 0 0 0 0 0 0 0 0 0 0 0 0 31 1 0 0 169 70 0 0 1 0 0 0 0 0 0 0 0 0 0 0 2 0 0 0 0 0 13 0 2 0 0 0 32 1 0 0 255 255 255 255 2 0 3 0 0 0 0 0 data 36 0x30002 0x8d5 0xa0005 0x0 0x242cc8143f0 0x8d5 0x0 0x0 0xd0004 0x0 0x242cc33bbd0 0x8d5 0x0 0x0 0x180007 0x8d5 0xb0 0x0 0x200005 0x0 0x0 0x0 0x0 0x0 0x250007 0x0 0x60 0x0 0x310002 0x0 0x340005 0x0 0x0 0x0 0x0 0x0 oops 2 4 org/jacoco/agent/rt/internal_4742761/asm/tree/InsnList 10 org/jacoco/agent/rt/internal_4742761/asm/tree/JumpInsnNode
ciMethodData org/jacoco/agent/rt/internal_4742761/asm/tree/MethodNode visitJumpInsn (ILorg/jacoco/agent/rt/internal_4742761/asm/Label;)V 2 2548 orig 264 224 132 146 90 0 0 0 0 24 173 206 199 66 2 0 0 200 1 0 0 0 0 0 0 0 0 0 0 0 0 0 0 0 0 0 0 0 0 0 0 0 0 0 0 0 0 0 0 0 0 0 0 0 0 0 0 0 0 0 0 0 0 0 0 0 0 0 0 0 0 0 0 0 0 0 0 0 0 0 0 77 68 79 32 101 120 116 114 97 32 100 97 116 97 32 108 111 99 107 0 0 0 0 0 0 0 0 0 0 0 0 0 0 0 0 0 0 0 0 0 0 0 0 0 0 0 0 0 0 0 0 0 0 0 0 0 0 0 0 0 0 0 0 0 0 0 0 0 0 0 0 0 0 0 0 0 0 0 0 0 0 0 0 0 0 0 0 0 0 0 0 0 0 0 0 0 0 0 0 0 0 0 0 0 0 0 0 0 0 0 0 0 0 0 0 0 0 0 0 0 0 0 0 0 0 0 0 0 0 0 0 0 0 0 0 0 31 1 0 0 169 70 0 0 1 0 0 0 0 0 0 0 0 0 0 0 2 0 0 0 0 0 0 0 0 0 0 0 112 0 0 0 255 255 255 255 5 0 11 0 0 0 0 0 data 14 0xb0005 0x0 0x242cb483200 0x8d5 0x0 0x0 0xe0002 0x8d5 0x110005 0x0 0x242cc8143f0 0x8d5 0x0 0x0 oops 2 2 org/jacoco/agent/rt/internal_4742761/core/internal/flow/ClassProbesAdapter$2 10 org/jacoco/agent/rt/internal_4742761/asm/tree/InsnList
ciMethodData org/jacoco/agent/rt/internal_4742761/asm/tree/JumpInsnNode <init> (ILorg/jacoco/agent/rt/internal_4742761/asm/tree/LabelNode;)V 2 2548 orig 264 224 132 146 90 0 0 0 0 152 172 207 199 66 2 0 0 64 1 0 0 0 0 0 0 0 0 0 0 0 0 0 0 0 0 0 0 0 0 0 0 0 0 0 0 0 0 0 0 0 0 0 0 0 0 0 0 0 0 0 0 0 0 0 0 0 0 0 0 0 0 0 0 0 0 0 0 0 0 0 0 77 68 79 32 101 120 116 114 97 32 100 97 116 97 32 108 111 99 107 0 0 0 0 0 0 0 0 0 0 0 0 0 0 0 0 0 0 0 0 0 0 0 0 0 0 0 0 0 0 0 0 0 0 0 0 0 0 0 0 0 0 0 0 0 0 0 0 0 0 0 0 0 0 0 0 0 0 0 0 0 0 0 0 0 0 0 0 0 0 0 0 0 0 0 0 0 0 0 0 0 0 0 0 0 0 0 0 0 0 0 0 0 0 0 0 0 0 0 0 0 0 0 0 0 0 0 0 0 0 0 0 0 0 0 0 0 31 1 0 0 169 70 0 0 1 0 0 0 0 0 0 0 0 0 0 0 2 0 0 0 0 0 0 0 0 0 0 0 16 0 0 0 255 255 255 255 2 0 2 0 0 0 0 0 data 2 0x20002 0x8d5 oops 0
ciMethodData org/jacoco/agent/rt/internal_4742761/core/internal/flow/MethodSanitizer visitLocalVariable (Ljava/lang/String;Ljava/lang/String;Ljava/lang/String;Lorg/jacoco/agent/rt/internal_4742761/asm/Label;Lorg/jacoco/agent/rt/internal_4742761/asm/Label;I)V 2 4438 orig 264 224 132 146 90 0 0 0 0 240 65 206 199 66 2 0 0 160 1 0 0 0 0 0 0 0 0 0 0 0 0 0 0 0 0 0 0 0 0 0 0 0 0 0 0 0 0 0 0 0 0 0 0 0 0 0 0 0 0 0 0 0 0 0 0 0 0 0 0 0 0 0 0 0 0 0 0 0 0 0 0 77 68 79 32 101 120 116 114 97 32 100 97 116 97 32 108 111 99 107 0 0 0 0 0 0 0 0 0 0 0 0 0 0 0 0 0 0 0 0 0 0 0 0 0 0 0 0 0 0 0 0 0 0 0 0 0 0 0 0 0 0 0 0 0 0 0 0 0 0 0 0 0 0 0 0 0 0 0 0 0 0 0 0 0 0 0 0 0 0 0 0 0 0 0 0 0 0 0 0 0 0 0 0 0 0 0 0 0 0 0 0 0 0 0 0 0 0 0 0 0 0 0 0 0 0 0 0 0 0 0 0 0 0 0 0 0 0 2 0 0 177 122 0 0 1 0 0 0 0 0 0 0 0 0 0 0 2 0 0 0 0 0 8 0 2 0 0 0 80 0 0 0 255 255 255 255 7 0 5 0 0 0 0 0 data 10 0x50007 0x0 0x50 0xf56 0xd0007 0x0 0x30 0xf56 0x1a0002 0xf56 oops 0
ciMethodData org/jacoco/agent/rt/internal_4742761/asm/tree/MethodNode visitLocalVariable (Ljava/lang/String;Ljava/lang/String;Ljava/lang/String;Lorg/jacoco/agent/rt/internal_4742761/asm/Label;Lorg/jacoco/agent/rt/internal_4742761/asm/Label;I)V 2 4438 orig 264 224 132 146 90 0 0 0 0 128 182 206 199 66 2 0 0 248 1 0 0 0 0 0 0 0 0 0 0 0 0 0 0 0 0 0 0 0 0 0 0 0 0 0 0 0 0 0 0 0 0 0 0 0 0 0 0 0 0 0 0 0 0 0 0 0 0 0 0 0 0 0 0 0 0 0 0 0 0 0 0 77 68 79 32 101 120 116 114 97 32 100 97 116 97 32 108 111 99 107 0 0 0 0 0 0 0 0 0 0 0 0 0 0 0 0 0 0 0 0 0 0 0 0 0 0 0 0 0 0 0 0 0 0 0 0 0 0 0 0 0 0 0 0 0 0 0 0 0 0 0 0 0 0 0 0 0 0 0 0 0 0 0 0 0 0 0 0 0 0 0 0 0 0 0 0 0 0 0 0 0 0 0 0 0 0 0 0 0 0 0 0 0 0 0 0 0 0 0 0 0 0 0 0 0 0 0 0 0 0 0 0 0 0 0 0 0 0 2 0 0 177 122 0 0 1 0 0 0 0 0 0 0 0 0 0 0 2 0 0 0 0 0 15 0 2 0 0 0 128 0 0 0 255 255 255 255 5 0 10 0 0 0 0 0 data 16 0xa0005 0x0 0x242cb483200 0xf56 0x0 0x0 0x100005 0x0 0x242cb483200 0xf56 0x0 0x0 0x150002 0xf56 0x210002 0xf56 oops 2 2 org/jacoco/agent/rt/internal_4742761/core/internal/flow/ClassProbesAdapter$2 8 org/jacoco/agent/rt/internal_4742761/core/internal/flow/ClassProbesAdapter$2
ciMethodData org/jacoco/agent/rt/internal_4742761/asm/tree/LocalVariableNode <init> (Ljava/lang/String;Ljava/lang/String;Ljava/lang/String;Lorg/jacoco/agent/rt/internal_4742761/asm/tree/LabelNode;Lorg/jacoco/agent/rt/internal_4742761/asm/tree/LabelNode;I)V 2 4438 orig 264 224 132 146 90 0 0 0 0 192 189 208 199 66 2 0 0 96 1 0 0 0 0 0 0 0 0 0 0 0 0 0 0 0 0 0 0 0 0 0 0 0 0 0 0 0 0 0 0 0 0 0 0 0 0 0 0 0 0 0 0 0 0 0 0 0 0 0 0 0 0 0 0 0 0 0 0 0 0 0 0 77 68 79 32 101 120 116 114 97 32 100 97 116 97 32 108 111 99 107 0 0 0 0 0 0 0 0 0 0 0 0 0 0 0 0 0 0 0 0 0 0 0 0 0 0 0 0 0 0 0 0 0 0 0 0 0 0 0 0 0 0 0 0 0 0 0 0 0 0 0 0 0 0 0 0 0 0 0 0 0 0 0 0 0 0 0 0 0 0 0 0 0 0 0 0 0 0 0 0 0 0 0 0 0 1 0 0 0 0 0 0 0 0 0 0 0 0 0 0 0 1 0 0 0 0 0 0 0 0 0 0 0 0 0 0 0 0 2 0 0 177 122 0 0 1 0 0 0 0 0 0 0 0 0 0 0 2 0 0 0 0 0 3 0 2 0 0 0 16 0 0 0 255 255 255 255 2 0 1 0 0 0 0 0 data 2 0x10002 0xf56 oops 0
ciMethodData org/jacoco/agent/rt/internal_4742761/asm/tree/FrameNode <init> (II[Ljava/lang/Object;I[Ljava/lang/Object;)V 2 1969 orig 264 224 132 146 90 0 0 0 0 248 163 207 199 66 2 0 0 216 2 0 0 64 1 0 0 0 0 0 0 0 0 0 0 0 0 0 0 0 0 0 0 0 0 0 0 0 0 0 0 0 0 0 0 0 0 0 0 0 0 0 0 0 0 0 0 0 0 0 0 0 0 0 0 0 0 0 0 0 0 0 0 77 68 79 32 101 120 116 114 97 32 100 97 116 97 32 108 111 99 107 0 0 0 0 0 0 0 0 0 0 0 0 0 0 0 0 0 0 0 0 0 0 0 0 0 0 0 0 0 0 0 0 0 0 0 0 0 0 0 0 0 0 0 0 0 0 0 0 0 0 0 0 0 0 0 0 0 0 0 0 0 0 0 0 0 0 0 0 0 0 0 0 0 0 0 0 0 0 0 0 0 0 0 0 0 0 0 0 0 0 0 0 0 0 0 0 0 0 0 0 0 0 0 0 0 0 0 0 0 0 0 0 0 0 0 0 0 186 1 0 0 185 47 0 0 1 0 0 0 0 0 0 0 0 0 0 0 2 0 0 0 5 0 76 0 2 0 0 0 104 1 0 0 255 255 255 255 2 0 2 0 0 0 0 0 data 45 0x20002 0x5f7 0xb0008 0xe 0x0 0x148 0x2a 0x80 0x0 0x80 0x0 0xb8 0x0 0xe0 0x0 0x108 0x0 0x120 0x330002 0x5f7 0x3e0002 0x5f7 0x440003 0x5f7 0xb8 0x4a0002 0x0 0x500003 0x0 0x90 0x550002 0x0 0x5b0003 0x0 0x68 0x5e0003 0x0 0x50 0x650002 0x0 0x6b0003 0x0 0x28 0x720002 0x0 oops 0
ciMethodData org/jacoco/agent/rt/internal_4742761/asm/tree/MethodNode visitFrame (II[Ljava/lang/Object;I[Ljava/lang/Object;)V 2 1969 orig 264 224 132 146 90 0 0 0 0 80 166 206 199 66 2 0 0 64 2 0 0 144 0 0 0 0 0 0 0 0 0 0 0 0 0 0 0 0 0 0 0 0 0 0 0 0 0 0 0 0 0 0 0 0 0 0 0 0 0 0 0 0 0 0 0 0 0 0 0 0 0 0 0 0 0 0 0 0 0 0 0 77 68 79 32 101 120 116 114 97 32 100 97 116 97 32 108 111 99 107 0 0 0 0 0 0 0 0 0 0 0 0 0 0 0 0 0 0 0 0 0 0 0 0 0 0 0 0 0 0 0 0 0 0 0 0 0 0 0 0 0 0 0 0 0 0 0 0 0 0 0 0 0 0 0 0 0 0 0 0 0 0 0 0 0 0 0 0 0 0 0 0 0 0 0 0 0 0 0 0 0 0 0 0 0 0 0 0 0 0 0 0 0 0 0 0 0 0 0 0 0 0 0 0 0 0 0 0 0 0 0 0 0 0 0 0 0 193 1 0 0 129 47 0 0 1 0 0 0 0 0 0 0 0 0 0 0 2 0 0 0 0 0 9 0 2 0 0 0 208 0 0 0 255 255 255 255 7 0 11 0 0 0 0 0 data 26 0xb0007 0x5f0 0x38 0x0 0xf0003 0x0 0x28 0x140002 0x5f0 0x1b0007 0x5f0 0x38 0x0 0x1f0003 0x0 0x28 0x250002 0x5f0 0x280002 0x5f0 0x2b0005 0x0 0x242cc8143f0 0x5f0 0x0 0x0 oops 1 22 org/jacoco/agent/rt/internal_4742761/asm/tree/InsnList
ciMethodData org/jacoco/agent/rt/internal_4742761/asm/tree/MethodNode visitFieldInsn (ILjava/lang/String;Ljava/lang/String;Ljava/lang/String;)V 2 2256 orig 264 224 132 146 90 0 0 0 0 64 170 206 199 66 2 0 0 168 1 0 0 0 0 0 0 0 0 0 0 0 0 0 0 0 0 0 0 0 0 0 0 0 0 0 0 0 0 0 0 0 0 0 0 0 0 0 0 0 0 0 0 0 0 0 0 0 0 0 0 0 0 0 0 0 0 0 0 0 0 0 0 77 68 79 32 101 120 116 114 97 32 100 97 116 97 32 108 111 99 107 0 0 0 0 0 0 0 0 0 0 0 0 0 0 0 0 0 0 0 0 0 0 0 0 0 0 0 0 0 0 0 0 0 0 0 0 0 0 0 0 0 0 0 0 0 0 0 0 0 0 0 0 0 0 0 0 0 0 0 0 0 0 0 0 0 0 0 0 0 0 0 0 0 0 0 0 0 0 0 0 0 0 0 0 0 25 0 0 0 0 0 0 0 0 0 0 0 0 0 0 0 1 0 0 0 0 0 0 0 0 0 0 0 0 0 0 0 0 1 0 0 129 62 0 0 1 0 0 0 0 0 0 0 0 0 0 0 2 0 0 0 0 0 3 0 2 0 0 0 64 0 0 0 255 255 255 255 2 0 13 0 0 0 0 0 data 8 0xd0002 0x7d0 0x100005 0x0 0x242cc8143f0 0x7d0 0x0 0x0 oops 1 4 org/jacoco/agent/rt/internal_4742761/asm/tree/InsnList
ciMethodData org/jacoco/agent/rt/internal_4742761/asm/tree/Util asArrayList ([Ljava/lang/Object;)Ljava/util/List; 2 2166 orig 264 224 132 146 90 0 0 0 0 16 131 208 199 66 2 0 0 240 1 0 0 48 0 0 0 0 0 0 0 0 0 0 0 0 0 0 0 0 0 0 0 0 0 0 0 0 0 0 0 0 0 0 0 0 0 0 0 0 0 0 0 0 0 0 0 0 0 0 0 0 0 0 0 0 0 0 0 0 0 0 0 77 68 79 32 101 120 116 114 97 32 100 97 116 97 32 108 111 99 107 0 0 0 0 0 0 0 0 0 0 0 0 0 0 0 0 0 0 0 0 0 0 0 0 0 0 0 0 0 0 0 0 0 0 0 0 0 0 0 0 0 0 0 0 0 0 0 0 0 0 0 0 0 0 0 0 0 0 0 0 0 0 0 0 0 0 0 0 0 0 0 0 0 0 0 0 0 0 0 0 0 0 0 0 0 25 0 0 0 0 0 0 0 0 0 0 0 0 0 0 0 1 0 0 0 0 0 0 0 0 0 0 0 0 0 0 0 158 1 0 0 193 54 0 0 209 9 0 0 0 0 0 0 0 0 0 0 2 0 0 0 1 0 21 0 2 0 0 0 168 0 0 0 255 255 255 255 7 0 1 0 0 0 0 0 data 21 0x10007 0xef 0x30 0x5e9 0x80002 0x5e9 0x120002 0xef 0x210007 0xef 0x68 0x13a 0x2d0005 0x0 0x242cc2441a0 0x13a 0x0 0x0 0x340003 0x13a 0xffffffffffffffb0 oops 1 14 java/util/ArrayList
ciMethodData org/jacoco/agent/rt/internal_4742761/asm/tree/MethodNode visitTypeInsn (ILjava/lang/String;)V 2 1426 orig 264 224 132 146 90 0 0 0 0 96 169 206 199 66 2 0 0 152 1 0 0 0 0 0 0 0 0 0 0 0 0 0 0 0 0 0 0 0 0 0 0 0 0 0 0 0 0 0 0 0 0 0 0 0 0 0 0 0 0 0 0 0 0 0 0 0 0 0 0 0 0 0 0 0 0 0 0 0 0 0 0 77 68 79 32 101 120 116 114 97 32 100 97 116 97 32 108 111 99 107 0 0 0 0 0 0 0 0 0 0 0 0 0 0 0 0 0 0 0 0 0 0 0 0 0 0 0 0 0 0 0 0 0 0 0 0 0 0 0 0 0 0 0 0 0 0 0 0 0 0 0 0 0 0 0 0 0 0 0 0 0 0 0 0 0 0 0 0 0 0 0 0 0 0 0 0 0 0 0 0 0 0 0 0 0 0 0 0 0 0 0 0 0 0 0 0 0 0 0 0 0 0 0 0 0 0 0 0 0 0 0 0 0 0 0 0 0 4 1 0 0 113 36 0 0 1 0 0 0 0 0 0 0 0 0 0 0 2 0 0 0 0 0 3 0 2 0 0 0 64 0 0 0 255 255 255 255 2 0 10 0 0 0 0 0 data 8 0xa0002 0x48e 0xd0005 0x0 0x242cc8143f0 0x48e 0x0 0x0 oops 1 4 org/jacoco/agent/rt/internal_4742761/asm/tree/InsnList
ciMethodData org/jacoco/agent/rt/internal_4742761/asm/tree/TypeInsnNode <init> (ILjava/lang/String;)V 2 1426 orig 264 224 132 146 90 0 0 0 0 240 254 207 199 66 2 0 0 64 1 0 0 0 0 0 0 0 0 0 0 0 0 0 0 0 0 0 0 0 0 0 0 0 0 0 0 0 0 0 0 0 0 0 0 0 0 0 0 0 0 0 0 0 0 0 0 0 0 0 0 0 0 0 0 0 0 0 0 0 0 0 0 77 68 79 32 101 120 116 114 97 32 100 97 116 97 32 108 111 99 107 0 0 0 0 0 0 0 0 0 0 0 0 0 0 0 0 0 0 0 0 0 0 0 0 0 0 0 0 0 0 0 0 0 0 0 0 0 0 0 0 0 0 0 0 0 0 0 0 0 0 0 0 0 0 0 0 0 0 0 0 0 0 0 0 0 0 0 0 0 0 0 0 0 0 0 0 0 0 0 0 0 0 0 0 0 0 0 0 0 0 0 0 0 0 0 0 0 0 0 0 0 0 0 0 0 0 0 0 0 0 0 0 0 0 0 0 0 4 1 0 0 113 36 0 0 1 0 0 0 0 0 0 0 0 0 0 0 2 0 0 0 0 0 0 0 0 0 0 0 16 0 0 0 255 255 255 255 2 0 2 0 0 0 0 0 data 2 0x20002 0x48e oops 0
ciMethodData org/jacoco/agent/rt/internal_4742761/asm/tree/MethodNode visitMaxs (II)V 2 1410 orig 264 224 132 146 90 0 0 0 0 88 185 206 199 66 2 0 0 48 1 0 0 0 0 0 0 0 0 0 0 0 0 0 0 0 0 0 0 0 0 0 0 0 0 0 0 0 0 0 0 0 0 0 0 0 0 0 0 0 0 0 0 0 0 0 0 0 0 0 0 0 0 0 0 0 0 0 0 0 0 0 0 77 68 79 32 101 120 116 114 97 32 100 97 116 97 32 108 111 99 107 0 0 0 0 0 0 0 0 0 0 0 0 0 0 0 0 0 0 0 0 0 0 0 0 0 0 0 0 0 0 0 0 0 0 0 0 0 0 0 0 0 0 0 0 0 0 0 0 0 0 0 0 0 0 0 0 0 0 0 0 0 0 0 0 0 0 0 0 0 0 0 0 0 0 0 0 0 0 0 0 0 0 0 0 0 1 0 0 0 0 0 0 0 0 0 0 0 0 0 0 0 1 0 0 0 0 0 0 0 0 0 0 0 0 0 0 0 129 1 0 0 9 32 0 0 1 0 0 0 0 0 0 0 0 0 0 0 2 0 0 0 0 0 3 0 1 0 0 0 0 0 0 0 255 255 255 255 0 0 0 0 0 0 0 0 data 0 oops 0
ciMethodData org/jacoco/agent/rt/internal_4742761/asm/tree/MethodNode visitLdcInsn (Ljava/lang/Object;)V 2 1790 orig 264 224 132 146 90 0 0 0 0 136 174 206 199 66 2 0 0 144 1 0 0 0 0 0 0 0 0 0 0 0 0 0 0 0 0 0 0 0 0 0 0 0 0 0 0 0 0 0 0 0 0 0 0 0 0 0 0 0 0 0 0 0 0 0 0 0 0 0 0 0 0 0 0 0 0 0 0 0 0 0 0 77 68 79 32 101 120 116 114 97 32 100 97 116 97 32 108 111 99 107 0 0 0 0 0 0 0 0 0 0 0 0 0 0 0 0 0 0 0 0 0 0 0 0 0 0 0 0 0 0 0 0 0 0 0 0 0 0 0 0 0 0 0 0 0 0 0 0 0 0 0 0 0 0 0 0 0 0 0 0 0 0 0 0 0 0 0 0 0 0 0 0 0 0 0 0 0 0 0 0 0 0 0 0 0 25 0 0 0 0 0 0 0 0 0 0 0 0 0 0 0 1 0 0 0 0 0 0 0 0 0 0 0 0 0 0 0 1 1 0 0 233 47 0 0 1 0 0 0 0 0 0 0 0 0 0 0 2 0 0 0 0 0 3 0 2 0 0 0 64 0 0 0 255 255 255 255 2 0 9 0 0 0 0 0 data 8 0x90002 0x5fd 0xc0005 0x0 0x242cc8143f0 0x5fd 0x0 0x0 oops 1 4 org/jacoco/agent/rt/internal_4742761/asm/tree/InsnList
ciMethod org/jacoco/agent/rt/internal_4742761/asm/Handle <init> (ILjava/lang/String;Ljava/lang/String;Ljava/lang/String;Z)V 641 1 68 0 -1
ciMethodData org/jacoco/agent/rt/internal_4742761/asm/tree/MethodNode visitIntInsn (II)V 1 577 orig 264 224 132 146 90 0 0 0 0 208 167 206 199 66 2 0 0 152 1 0 0 0 0 0 0 0 0 0 0 0 0 0 0 0 0 0 0 0 0 0 0 0 0 0 0 0 0 0 0 0 0 0 0 0 0 0 0 0 0 0 0 0 0 0 0 0 0 0 0 0 0 0 0 0 0 0 0 0 0 0 0 77 68 79 32 101 120 116 114 97 32 100 97 116 97 32 108 111 99 107 0 0 0 0 0 0 0 0 0 0 0 0 0 0 0 0 0 0 0 0 0 0 0 0 0 0 0 0 0 0 0 0 0 0 0 0 0 0 0 0 0 0 0 0 0 0 0 0 0 0 0 0 0 0 0 0 0 0 0 0 0 0 0 0 0 0 0 0 0 0 0 0 0 0 0 0 0 0 0 0 0 0 0 0 0 25 0 0 0 0 0 0 0 0 0 0 0 0 0 0 0 1 0 0 0 0 0 0 0 0 0 0 0 0 0 0 0 15 1 0 0 145 9 0 0 1 0 0 0 0 0 0 0 0 0 0 0 2 0 0 0 0 0 3 0 2 0 0 0 64 0 0 0 255 255 255 255 2 0 10 0 0 0 0 0 data 8 0xa0002 0x132 0xd0005 0x0 0x242cc8143f0 0x132 0x0 0x0 oops 1 4 org/jacoco/agent/rt/internal_4742761/asm/tree/InsnList
ciMethodData org/jacoco/agent/rt/internal_4742761/asm/tree/IntInsnNode <init> (II)V 1 577 orig 264 224 132 146 90 0 0 0 0 168 178 207 199 66 2 0 0 64 1 0 0 0 0 0 0 0 0 0 0 0 0 0 0 0 0 0 0 0 0 0 0 0 0 0 0 0 0 0 0 0 0 0 0 0 0 0 0 0 0 0 0 0 0 0 0 0 0 0 0 0 0 0 0 0 0 0 0 0 0 0 0 77 68 79 32 101 120 116 114 97 32 100 97 116 97 32 108 111 99 107 0 0 0 0 0 0 0 0 0 0 0 0 0 0 0 0 0 0 0 0 0 0 0 0 0 0 0 0 0 0 0 0 0 0 0 0 0 0 0 0 0 0 0 0 0 0 0 0 0 0 0 0 0 0 0 0 0 0 0 0 0 0 0 0 0 0 0 0 0 0 0 0 0 0 0 0 0 0 0 0 0 0 0 0 0 0 0 0 0 0 0 0 0 0 0 0 0 0 0 0 0 0 0 0 0 0 0 0 0 0 0 0 0 0 0 0 0 15 1 0 0 145 9 0 0 1 0 0 0 0 0 0 0 0 0 0 0 2 0 0 0 0 0 3 0 2 0 0 0 16 0 0 0 255 255 255 255 2 0 2 0 0 0 0 0 data 2 0x20002 0x132 oops 0
compile org/jacoco/agent/rt/internal_4742761/asm/ClassReader readCode (Lorg/jacoco/agent/rt/internal_4742761/asm/MethodVisitor;Lorg/jacoco/agent/rt/internal_4742761/asm/Context;I)V 1738 4 inline 127 0 -1 org/jacoco/agent/rt/internal_4742761/asm/ClassReader readCode (Lorg/jacoco/agent/rt/internal_4742761/asm/MethodVisitor;Lorg/jacoco/agent/rt/internal_4742761/asm/Context;I)V 1 1749 org/jacoco/agent/rt/internal_4742761/asm/ClassReader readUnsignedShort (I)I 1 1759 org/jacoco/agent/rt/internal_4742761/asm/ClassReader readUnsignedShort (I)I 1 1772 org/jacoco/agent/rt/internal_4742761/asm/ClassReader createDebugLabel (I[Lorg/jacoco/agent/rt/internal_4742761/asm/Label;)V 2 9 org/jacoco/agent/rt/internal_4742761/asm/ClassReader readLabel (I[Lorg/jacoco/agent/rt/internal_4742761/asm/Label;)Lorg/jacoco/agent/rt/internal_4742761/asm/Label; 3 12 org/jacoco/agent/rt/internal_4742761/asm/Label <init> ()V 4 1 java/lang/Object <init> ()V 1 1782 org/jacoco/agent/rt/internal_4742761/asm/Label addLineNumber (I)V 1 1574 org/jacoco/agent/rt/internal_4742761/asm/ClassReader readUTF8 (I[C)Ljava/lang/String; 2 2 org/jacoco/agent/rt/internal_4742761/asm/ClassReader readUnsignedShort (I)I 1 1584 org/jacoco/agent/rt/internal_4742761/asm/ClassReader readInt (I)I 1 1623 org/jacoco/agent/rt/internal_4742761/asm/ClassReader readUnsignedShort (I)I 1 1642 org/jacoco/agent/rt/internal_4742761/asm/ClassReader readUnsignedShort (I)I 1 1652 org/jacoco/agent/rt/internal_4742761/asm/ClassReader createDebugLabel (I[Lorg/jacoco/agent/rt/internal_4742761/asm/Label;)V 2 9 org/jacoco/agent/rt/internal_4742761/asm/ClassReader readLabel (I[Lorg/jacoco/agent/rt/internal_4742761/asm/Label;)Lorg/jacoco/agent/rt/internal_4742761/asm/Label; 3 12 org/jacoco/agent/rt/internal_4742761/asm/Label <init> ()V 4 1 java/lang/Object <init> ()V 1 1660 org/jacoco/agent/rt/internal_4742761/asm/ClassReader readUnsignedShort (I)I 1 1673 org/jacoco/agent/rt/internal_4742761/asm/ClassReader createDebugLabel (I[Lorg/jacoco/agent/rt/internal_4742761/asm/Label;)V 2 9 org/jacoco/agent/rt/internal_4742761/asm/ClassReader readLabel (I[Lorg/jacoco/agent/rt/internal_4742761/asm/Label;)Lorg/jacoco/agent/rt/internal_4742761/asm/Label; 3 12 org/jacoco/agent/rt/internal_4742761/asm/Label <init> ()V 4 1 java/lang/Object <init> ()V 1 1730 org/jacoco/agent/rt/internal_4742761/asm/ClassReader readUnsignedShort (I)I 1 2060 org/jacoco/agent/rt/internal_4742761/asm/ClassReader readUnsignedShort (I)I 1 2100 org/jacoco/agent/rt/internal_4742761/asm/ClassReader createLabel (I[Lorg/jacoco/agent/rt/internal_4742761/asm/Label;)Lorg/jacoco/agent/rt/internal_4742761/asm/Label; 2 3 org/jacoco/agent/rt/internal_4742761/asm/ClassReader readLabel (I[Lorg/jacoco/agent/rt/internal_4742761/asm/Label;)Lorg/jacoco/agent/rt/internal_4742761/asm/Label; 3 12 org/jacoco/agent/rt/internal_4742761/asm/Label <init> ()V 4 1 java/lang/Object <init> ()V 1 2143 org/jacoco/agent/rt/internal_4742761/asm/ClassReader getTypeAnnotationBytecodeOffset ([II)I 1 2155 org/jacoco/agent/rt/internal_4742761/asm/ClassReader getTypeAnnotationBytecodeOffset ([II)I 1 2203 org/jacoco/agent/rt/internal_4742761/asm/ClassReader readBytecodeInstructionOffset (I)V 1 2235 org/jacoco/agent/rt/internal_4742761/asm/Label accept (Lorg/jacoco/agent/rt/internal_4742761/asm/MethodVisitor;Z)V 2 2 org/jacoco/agent/rt/internal_4742761/asm/tree/MethodNode visitLabel (Lorg/jacoco/agent/rt/internal_4742761/asm/Label;)V 3 6 org/jacoco/agent/rt/internal_4742761/asm/tree/MethodNode getLabelNode (Lorg/jacoco/agent/rt/internal_4742761/asm/Label;)Lorg/jacoco/agent/rt/internal_4742761/asm/tree/LabelNode; 4 15 org/jacoco/agent/rt/internal_4742761/asm/tree/LabelNode <init> ()V 5 2 org/jacoco/agent/rt/internal_4742761/asm/tree/AbstractInsnNode <init> (I)V 6 1 java/lang/Object <init> ()V 3 9 org/jacoco/agent/rt/internal_4742761/asm/tree/InsnList add (Lorg/jacoco/agent/rt/internal_4742761/asm/tree/AbstractInsnNode;)V 2 29 org/jacoco/agent/rt/internal_4742761/core/internal/flow/MethodSanitizer visitLineNumber (ILorg/jacoco/agent/rt/internal_4742761/asm/Label;)V 3 10 org/jacoco/agent/rt/internal_4742761/asm/tree/MethodNode visitLineNumber (ILorg/jacoco/agent/rt/internal_4742761/asm/Label;)V 4 11 org/jacoco/agent/rt/internal_4742761/asm/tree/MethodNode getLabelNode (Lorg/jacoco/agent/rt/internal_4742761/asm/Label;)Lorg/jacoco/agent/rt/internal_4742761/asm/tree/LabelNode; 5 15 org/jacoco/agent/rt/internal_4742761/asm/tree/LabelNode <init> ()V 6 2 org/jacoco/agent/rt/internal_4742761/asm/tree/AbstractInsnNode <init> (I)V 7 1 java/lang/Object <init> ()V 4 14 org/jacoco/agent/rt/internal_4742761/asm/tree/LineNumberNode <init> (ILorg/jacoco/agent/rt/internal_4742761/asm/tree/LabelNode;)V 5 2 org/jacoco/agent/rt/internal_4742761/asm/tree/AbstractInsnNode <init> (I)V 6 1 java/lang/Object <init> ()V 4 17 org/jacoco/agent/rt/internal_4742761/asm/tree/InsnList add (Lorg/jacoco/agent/rt/internal_4742761/asm/tree/AbstractInsnNode;)V 1 2296 org/jacoco/agent/rt/internal_4742761/asm/tree/MethodNode visitFrame (II[Ljava/lang/Object;I[Ljava/lang/Object;)V 2 20 org/jacoco/agent/rt/internal_4742761/asm/tree/MethodNode getLabelNodes ([Ljava/lang/Object;)[Ljava/lang/Object; 3 37 org/jacoco/agent/rt/internal_4742761/asm/tree/MethodNode getLabelNode (Lorg/jacoco/agent/rt/internal_4742761/asm/Label;)Lorg/jacoco/agent/rt/internal_4742761/asm/tree/LabelNode; 4 15 org/jacoco/agent/rt/internal_4742761/asm/tree/LabelNode <init> ()V 5 2 org/jacoco/agent/rt/internal_4742761/asm/tree/AbstractInsnNode <init> (I)V 6 1 java/lang/Object <init> ()V 2 37 org/jacoco/agent/rt/internal_4742761/asm/tree/MethodNode getLabelNodes ([Ljava/lang/Object;)[Ljava/lang/Object; 3 37 org/jacoco/agent/rt/internal_4742761/asm/tree/MethodNode getLabelNode (Lorg/jacoco/agent/rt/internal_4742761/asm/Label;)Lorg/jacoco/agent/rt/internal_4742761/asm/tree/LabelNode; 4 15 org/jacoco/agent/rt/internal_4742761/asm/tree/LabelNode <init> ()V 5 2 org/jacoco/agent/rt/internal_4742761/asm/tree/AbstractInsnNode <init> (I)V 6 1 java/lang/Object <init> ()V 2 40 org/jacoco/agent/rt/internal_4742761/asm/tree/FrameNode <init> (II[Ljava/lang/Object;I[Ljava/lang/Object;)V 3 2 org/jacoco/agent/rt/internal_4742761/asm/tree/AbstractInsnNode <init> (I)V 4 1 java/lang/Object <init> ()V 3 51 org/jacoco/agent/rt/internal_4742761/asm/tree/Util asArrayList (I[Ljava/lang/Object;)Ljava/util/List; 4 5 java/util/ArrayList <init> (I)V 5 1 java/util/AbstractList <init> ()V 6 1 java/util/AbstractCollection <init> ()V 7 1 java/lang/Object <init> ()V 4 20 java/util/ArrayList add (Ljava/lang/Object;)Z 5 7 java/util/ArrayList ensureCapacityInternal (I)V 6 6 java/util/ArrayList calculateCapacity ([Ljava/lang/Object;I)I 6 9 java/util/ArrayList ensureExplicitCapacity (I)V 7 22 java/util/ArrayList grow (I)V 8 38 java/util/Arrays copyOf ([Ljava/lang/Object;I)[Ljava/lang/Object; 3 62 org/jacoco/agent/rt/internal_4742761/asm/tree/Util asArrayList (I[Ljava/lang/Object;)Ljava/util/List; 4 5 java/util/ArrayList <init> (I)V 5 1 java/util/AbstractList <init> ()V 6 1 java/util/AbstractCollection <init> ()V 7 1 java/lang/Object <init> ()V 4 20 java/util/ArrayList add (Ljava/lang/Object;)Z 5 7 java/util/ArrayList ensureCapacityInternal (I)V 6 6 java/util/ArrayList calculateCapacity ([Ljava/lang/Object;I)I 6 9 java/util/ArrayList ensureExplicitCapacity (I)V 7 22 java/util/ArrayList grow (I)V 8 38 java/util/Arrays copyOf ([Ljava/lang/Object;I)[Ljava/lang/Object; 2 43 org/jacoco/agent/rt/internal_4742761/asm/tree/InsnList add (Lorg/jacoco/agent/rt/internal_4742761/asm/tree/AbstractInsnNode;)V 1 3372 org/jacoco/agent/rt/internal_4742761/asm/ClassReader readShort (I)S 1 3377 org/jacoco/agent/rt/internal_4742761/asm/commons/JSRInlinerAdapter visitJumpInsn (ILorg/jacoco/agent/rt/internal_4742761/asm/Label;)V 2 3 org/jacoco/agent/rt/internal_4742761/asm/tree/MethodNode visitJumpInsn (ILorg/jacoco/agent/rt/internal_4742761/asm/Label;)V 3 11 org/jacoco/agent/rt/internal_4742761/asm/tree/MethodNode getLabelNode (Lorg/jacoco/agent/rt/internal_4742761/asm/Label;)Lorg/jacoco/agent/rt/internal_4742761/asm/tree/LabelNode; 4 15 org/jacoco/agent/rt/internal_4742761/asm/tree/LabelNode <init> ()V 5 2 org/jacoco/agent/rt/internal_4742761/asm/tree/AbstractInsnNode <init> (I)V 6 1 java/lang/Object <init> ()V 3 14 org/jacoco/agent/rt/internal_4742761/asm/tree/JumpInsnNode <init> (ILorg/jacoco/agent/rt/internal_4742761/asm/tree/LabelNode;)V 4 2 org/jacoco/agent/rt/internal_4742761/asm/tree/AbstractInsnNode <init> (I)V 5 1 java/lang/Object <init> ()V 3 17 org/jacoco/agent/rt/internal_4742761/asm/tree/InsnList add (Lorg/jacoco/agent/rt/internal_4742761/asm/tree/AbstractInsnNode;)V 2 10 org/jacoco/agent/rt/internal_4742761/asm/tree/InsnList getLast ()Lorg/jacoco/agent/rt/internal_4742761/asm/tree/AbstractInsnNode; 1 3303 org/jacoco/agent/rt/internal_4742761/asm/tree/MethodNode visitInsn (I)V 2 9 org/jacoco/agent/rt/internal_4742761/asm/tree/InsnNode <init> (I)V 3 2 org/jacoco/agent/rt/internal_4742761/asm/tree/AbstractInsnNode <init> (I)V 4 1 java/lang/Object <init> ()V 2 12 org/jacoco/agent/rt/internal_4742761/asm/tree/InsnList add (Lorg/jacoco/agent/rt/internal_4742761/asm/tree/AbstractInsnNode;)V 1 4287 org/jacoco/agent/rt/internal_4742761/asm/tree/MethodNode visitTypeInsn (ILjava/lang/String;)V 2 10 org/jacoco/agent/rt/internal_4742761/asm/tree/TypeInsnNode <init> (ILjava/lang/String;)V 3 2 org/jacoco/agent/rt/internal_4742761/asm/tree/AbstractInsnNode <init> (I)V 4 1 java/lang/Object <init> ()V 2 13 org/jacoco/agent/rt/internal_4742761/asm/tree/InsnList add (Lorg/jacoco/agent/rt/internal_4742761/asm/tree/AbstractInsnNode;)V 1 3903 org/jacoco/agent/rt/internal_4742761/asm/tree/MethodNode visitIntInsn (II)V 2 10 org/jacoco/agent/rt/internal_4742761/asm/tree/IntInsnNode <init> (II)V 3 2 org/jacoco/agent/rt/internal_4742761/asm/tree/AbstractInsnNode <init> (I)V 4 1 java/lang/Object <init> ()V 1 4130 org/jacoco/agent/rt/internal_4742761/asm/ClassReader readUnsignedShort (I)I 1 4145 org/jacoco/agent/rt/internal_4742761/asm/ClassReader readUnsignedShort (I)I 1 4156 org/jacoco/agent/rt/internal_4742761/asm/ClassReader readUTF8 (I[C)Ljava/lang/String; 2 2 org/jacoco/agent/rt/internal_4742761/asm/ClassReader readUnsignedShort (I)I 1 4168 org/jacoco/agent/rt/internal_4742761/asm/ClassReader readUTF8 (I[C)Ljava/lang/String; 2 2 org/jacoco/agent/rt/internal_4742761/asm/ClassReader readUnsignedShort (I)I 1 4180 org/jacoco/agent/rt/internal_4742761/asm/ClassReader readUnsignedShort (I)I 1 4190 org/jacoco/agent/rt/internal_4742761/asm/ClassReader readUnsignedShort (I)I 1 4208 org/jacoco/agent/rt/internal_4742761/asm/ClassReader readUnsignedShort (I)I 1 4238 org/jacoco/agent/rt/internal_4742761/asm/ClassReader readUnsignedShort (I)I 1 3992 org/jacoco/agent/rt/internal_4742761/asm/ClassReader readUnsignedShort (I)I 1 4007 org/jacoco/agent/rt/internal_4742761/asm/ClassReader readUnsignedShort (I)I 1 4028 org/jacoco/agent/rt/internal_4742761/asm/ClassReader readUTF8 (I[C)Ljava/lang/String; 2 2 org/jacoco/agent/rt/internal_4742761/asm/ClassReader readUnsignedShort (I)I 1 4040 org/jacoco/agent/rt/internal_4742761/asm/ClassReader readUTF8 (I[C)Ljava/lang/String; 2 2 org/jacoco/agent/rt/internal_4742761/asm/ClassReader readUnsignedShort (I)I
